chunking_strategy,retrieval_method,k,trial,query_id,query_type,recall_at_k,mrr,ndcg_at_k,hit_at_k,faithfulness,answer_correctness,context_precision,table_integrity,citation_validity,query_latency_ms,query_cost_usd
recursive,dense,1,1,q_0001,lore,1.0,1.0,1.0,1.0,0.0,0.0,0.0,0.9208,0.0,9.825299999647541,0.0
recursive,dense,3,1,q_0001,lore,1.0,1.0,1.0,1.0,0.0,0.0,0.0,0.9208,0.0,9.825299999647541,0.0
recursive,dense,5,1,q_0001,lore,1.0,1.0,1.0,1.0,0.0,0.0,0.0,0.9208,0.0,9.825299999647541,0.0
recursive,dense,10,1,q_0001,lore,1.0,1.0,0.7844801364718913,1.0,0.0,0.0,0.0,0.9208,0.0,9.825299999647541,0.0
recursive,dense,20,1,q_0001,lore,1.0,1.0,0.7479188524952083,1.0,0.0,0.0,0.0,0.9208,0.0,9.825299999647541,0.0
recursive,dense,1,1,q_0004,lore,0.0,0.1,0.0,0.0,0.0,0.0,0.0,0.9208,0.0,5.69050000012794,0.0
recursive,dense,3,1,q_0004,lore,0.0,0.1,0.0,0.0,0.0,0.0,0.0,0.9208,0.0,5.69050000012794,0.0
recursive,dense,5,1,q_0004,lore,0.0,0.1,0.0,0.0,0.0,0.0,0.0,0.9208,0.0,5.69050000012794,0.0
recursive,dense,10,1,q_0004,lore,1.0,0.1,0.2890648263178879,1.0,0.0,0.0,0.0,0.9208,0.0,5.69050000012794,0.0
recursive,dense,20,1,q_0004,lore,1.0,0.1,0.2890648263178879,1.0,0.0,0.0,0.0,0.9208,0.0,5.69050000012794,0.0
recursive,dense,1,1,q_0005,lore,1.0,1.0,1.0,1.0,0.0,0.0,0.0,0.9208,0.0,9.164899999632325,0.0
recursive,dense,3,1,q_0005,lore,1.0,1.0,1.0,1.0,0.0,0.0,0.0,0.9208,0.0,9.164899999632325,0.0
recursive,dense,5,1,q_0005,lore,1.0,1.0,1.0,1.0,0.0,0.0,0.0,0.9208,0.0,9.164899999632325,0.0
recursive,dense,10,1,q_0005,lore,1.0,1.0,1.0,1.0,0.0,0.0,0.0,0.9208,0.0,9.164899999632325,0.0
recursive,dense,20,1,q_0005,lore,1.0,1.0,0.8758330319477191,1.0,0.0,0.0,0.0,0.9208,0.0,9.164899999632325,0.0
recursive,dense,1,1,q_0006,lore,1.0,1.0,1.0,1.0,0.0,0.0,0.0,0.9208,0.0,5.667100000209757,0.0
recursive,dense,3,1,q_0006,lore,1.0,1.0,1.0,1.0,0.0,0.0,0.0,0.9208,0.0,5.667100000209757,0.0
recursive,dense,5,1,q_0006,lore,1.0,1.0,1.0,1.0,0.0,0.0,0.0,0.9208,0.0,5.667100000209757,0.0
recursive,dense,10,1,q_0006,lore,1.0,1.0,1.0,1.0,0.0,0.0,0.0,0.9208,0.0,5.667100000209757,0.0
recursive,dense,20,1,q_0006,lore,1.0,1.0,1.0,1.0,0.0,0.0,0.0,0.9208,0.0,5.667100000209757,0.0
recursive,dense,1,1,q_0007,lore,0.0,0.14285714285714285,0.0,0.0,0.0,0.0,0.0,0.9208,0.0,8.349899999302579,0.0
recursive,dense,3,1,q_0007,lore,0.0,0.14285714285714285,0.0,0.0,0.0,0.0,0.0,0.9208,0.0,8.349899999302579,0.0
recursive,dense,5,1,q_0007,lore,0.0,0.14285714285714285,0.0,0.0,0.0,0.0,0.0,0.9208,0.0,8.349899999302579,0.0
recursive,dense,10,1,q_0007,lore,1.0,0.14285714285714285,0.3333333333333333,1.0,0.0,0.0,0.0,0.9208,0.0,8.349899999302579,0.0
recursive,dense,20,1,q_0007,lore,1.0,0.14285714285714285,0.3333333333333333,1.0,0.0,0.0,0.0,0.9208,0.0,8.349899999302579,0.0
recursive,dense,1,1,q_0008,lore,0.0,0.2,0.0,0.0,0.0,0.0,0.0,0.9208,0.0,5.475799999658193,0.0
recursive,dense,3,1,q_0008,lore,0.0,0.2,0.0,0.0,0.0,0.0,0.0,0.9208,0.0,5.475799999658193,0.0
recursive,dense,5,1,q_0008,lore,1.0,0.2,0.38685280723454163,1.0,0.0,0.0,0.0,0.9208,0.0,5.475799999658193,0.0
recursive,dense,10,1,q_0008,lore,1.0,0.2,0.38685280723454163,1.0,0.0,0.0,0.0,0.9208,0.0,5.475799999658193,0.0
recursive,dense,20,1,q_0008,lore,1.0,0.2,0.38685280723454163,1.0,0.0,0.0,0.0,0.9208,0.0,5.475799999658193,0.0
recursive,dense,1,1,q_0009,lore,0.0,0.0,0.0,0.0,0.0,0.0,0.0,0.9208,0.0,7.658499999706692,0.0
recursive,dense,3,1,q_0009,lore,0.0,0.0,0.0,0.0,0.0,0.0,0.0,0.9208,0.0,7.658499999706692,0.0
recursive,dense,5,1,q_0009,lore,0.0,0.0,0.0,0.0,0.0,0.0,0.0,0.9208,0.0,7.658499999706692,0.0
recursive,dense,10,1,q_0009,lore,0.0,0.0,0.0,0.0,0.0,0.0,0.0,0.9208,0.0,7.658499999706692,0.0
recursive,dense,20,1,q_0009,lore,0.0,0.0,0.0,0.0,0.0,0.0,0.0,0.9208,0.0,7.658499999706692,0.0
recursive,dense,1,1,q_0010,lore,1.0,1.0,1.0,1.0,0.0,0.0,0.0,0.9208,0.0,5.121299999700568,0.0
recursive,dense,3,1,q_0010,lore,1.0,1.0,1.0,1.0,0.0,0.0,0.0,0.9208,0.0,5.121299999700568,0.0
recursive,dense,5,1,q_0010,lore,1.0,1.0,1.0,1.0,0.0,0.0,0.0,0.9208,0.0,5.121299999700568,0.0
recursive,dense,10,1,q_0010,lore,1.0,1.0,1.0,1.0,0.0,0.0,0.0,0.9208,0.0,5.121299999700568,0.0
recursive,dense,20,1,q_0010,lore,1.0,1.0,1.0,1.0,0.0,0.0,0.0,0.9208,0.0,5.121299999700568,0.0
recursive,dense,1,1,q_0011,lore,1.0,1.0,1.0,1.0,0.0,0.0,0.0,0.9208,0.0,4.517700000178593,0.0
recursive,dense,3,1,q_0011,lore,1.0,1.0,1.0,1.0,0.0,0.0,0.0,0.9208,0.0,4.517700000178593,0.0
recursive,dense,5,1,q_0011,lore,1.0,1.0,1.0,1.0,0.0,0.0,0.0,0.9208,0.0,4.517700000178593,0.0
recursive,dense,10,1,q_0011,lore,1.0,1.0,1.0,1.0,0.0,0.0,0.0,0.9208,0.0,4.517700000178593,0.0
recursive,dense,20,1,q_0011,lore,1.0,1.0,1.0,1.0,0.0,0.0,0.0,0.9208,0.0,4.517700000178593,0.0
recursive,dense,1,1,q_0012,lore,1.0,1.0,1.0,1.0,0.0,0.0,0.0,0.9208,0.0,8.671000000504137,0.0
recursive,dense,3,1,q_0012,lore,1.0,1.0,0.9197207891481876,1.0,0.0,0.0,0.0,0.9208,0.0,8.671000000504137,0.0
recursive,dense,5,1,q_0012,lore,1.0,1.0,0.8854598815714874,1.0,0.0,0.0,0.0,0.9208,0.0,8.671000000504137,0.0
recursive,dense,10,1,q_0012,lore,1.0,1.0,0.8597408875863228,1.0,0.0,0.0,0.0,0.9208,0.0,8.671000000504137,0.0
recursive,dense,20,1,q_0012,lore,1.0,1.0,0.8254128000611362,1.0,0.0,0.0,0.0,0.9208,0.0,8.671000000504137,0.0
recursive,dense,1,1,q_0013,lore,1.0,1.0,1.0,1.0,0.0,0.0,0.0,0.9208,0.0,5.558200000450597,0.0
recursive,dense,3,1,q_0013,lore,1.0,1.0,1.0,1.0,0.0,0.0,0.0,0.9208,0.0,5.558200000450597,0.0
recursive,dense,5,1,q_0013,lore,1.0,1.0,0.9674679834891693,1.0,0.0,0.0,0.0,0.9208,0.0,5.558200000450597,0.0
recursive,dense,10,1,q_0013,lore,1.0,1.0,0.9674679834891693,1.0,0.0,0.0,0.0,0.9208,0.0,5.558200000450597,0.0
recursive,dense,20,1,q_0013,lore,1.0,1.0,0.8693431300502895,1.0,0.0,0.0,0.0,0.9208,0.0,5.558200000450597,0.0
recursive,dense,1,1,q_0014,lore,1.0,1.0,1.0,1.0,0.0,0.0,0.0,0.9208,0.0,7.6756999997087405,0.0
recursive,dense,3,1,q_0014,lore,1.0,1.0,1.0,1.0,0.0,0.0,0.0,0.9208,0.0,7.6756999997087405,0.0
recursive,dense,5,1,q_0014,lore,1.0,1.0,1.0,1.0,0.0,0.0,0.0,0.9208,0.0,7.6756999997087405,0.0
recursive,dense,10,1,q_0014,lore,1.0,1.0,1.0,1.0,0.0,0.0,0.0,0.9208,0.0,7.6756999997087405,0.0
recursive,dense,20,1,q_0014,lore,1.0,1.0,1.0,1.0,0.0,0.0,0.0,0.9208,0.0,7.6756999997087405,0.0
recursive,dense,1,1,q_0016,lore,0.0,0.25,0.0,0.0,0.0,0.0,0.0,0.9208,0.0,5.253399999674002,0.0
recursive,dense,3,1,q_0016,lore,0.0,0.25,0.0,0.0,0.0,0.0,0.0,0.9208,0.0,5.253399999674002,0.0
recursive,dense,5,1,q_0016,lore,1.0,0.25,0.43067655807339306,1.0,0.0,0.0,0.0,0.9208,0.0,5.253399999674002,0.0
recursive,dense,10,1,q_0016,lore,1.0,0.25,0.43067655807339306,1.0,0.0,0.0,0.0,0.9208,0.0,5.253399999674002,0.0
recursive,dense,20,1,q_0016,lore,1.0,0.25,0.43067655807339306,1.0,0.0,0.0,0.0,0.9208,0.0,5.253399999674002,0.0
recursive,dense,1,1,q_0017,lore,0.0,0.0,0.0,0.0,0.0,0.0,0.0,0.9208,0.0,4.614499999661348,0.0
recursive,dense,3,1,q_0017,lore,0.0,0.0,0.0,0.0,0.0,0.0,0.0,0.9208,0.0,4.614499999661348,0.0
recursive,dense,5,1,q_0017,lore,0.0,0.0,0.0,0.0,0.0,0.0,0.0,0.9208,0.0,4.614499999661348,0.0
recursive,dense,10,1,q_0017,lore,0.0,0.0,0.0,0.0,0.0,0.0,0.0,0.9208,0.0,4.614499999661348,0.0
recursive,dense,20,1,q_0017,lore,0.0,0.0,0.0,0.0,0.0,0.0,0.0,0.9208,0.0,4.614499999661348,0.0
recursive,dense,1,1,q_0018,lore,0.0,0.0,0.0,0.0,0.0,0.0,0.0,0.9208,0.0,9.224000000358501,0.0
recursive,dense,3,1,q_0018,lore,0.0,0.0,0.0,0.0,0.0,0.0,0.0,0.9208,0.0,9.224000000358501,0.0
recursive,dense,5,1,q_0018,lore,0.0,0.0,0.0,0.0,0.0,0.0,0.0,0.9208,0.0,9.224000000358501,0.0
recursive,dense,10,1,q_0018,lore,0.0,0.0,0.0,0.0,0.0,0.0,0.0,0.9208,0.0,9.224000000358501,0.0
recursive,dense,20,1,q_0018,lore,0.0,0.0,0.0,0.0,0.0,0.0,0.0,0.9208,0.0,9.224000000358501,0.0
recursive,dense,1,1,q_0019,lore,1.0,1.0,1.0,1.0,0.0,0.0,0.0,0.9208,0.0,5.148899999767309,0.0
recursive,dense,3,1,q_0019,lore,1.0,1.0,1.0,1.0,0.0,0.0,0.0,0.9208,0.0,5.148899999767309,0.0
recursive,dense,5,1,q_0019,lore,1.0,1.0,1.0,1.0,0.0,0.0,0.0,0.9208,0.0,5.148899999767309,0.0
recursive,dense,10,1,q_0019,lore,1.0,1.0,1.0,1.0,0.0,0.0,0.0,0.9208,0.0,5.148899999767309,0.0
recursive,dense,20,1,q_0019,lore,1.0,1.0,1.0,1.0,0.0,0.0,0.0,0.9208,0.0,5.148899999767309,0.0
recursive,dense,1,1,q_0020,lore,1.0,1.0,1.0,1.0,0.0,0.0,0.0,0.9208,0.0,9.072400000150083,0.0
recursive,dense,3,1,q_0020,lore,1.0,1.0,1.0,1.0,0.0,0.0,0.0,0.9208,0.0,9.072400000150083,0.0
recursive,dense,5,1,q_0020,lore,1.0,1.0,1.0,1.0,0.0,0.0,0.0,0.9208,0.0,9.072400000150083,0.0
recursive,dense,10,1,q_0020,lore,1.0,1.0,1.0,1.0,0.0,0.0,0.0,0.9208,0.0,9.072400000150083,0.0
recursive,dense,20,1,q_0020,lore,1.0,1.0,1.0,1.0,0.0,0.0,0.0,0.9208,0.0,9.072400000150083,0.0
recursive,dense,1,1,q_0021,lore,1.0,1.0,1.0,1.0,0.0,0.0,0.0,0.9208,0.0,5.047100000410865,0.0
recursive,dense,3,1,q_0021,lore,1.0,1.0,1.0,1.0,0.0,0.0,0.0,0.9208,0.0,5.047100000410865,0.0
recursive,dense,5,1,q_0021,lore,1.0,1.0,1.0,1.0,0.0,0.0,0.0,0.9208,0.0,5.047100000410865,0.0
recursive,dense,10,1,q_0021,lore,1.0,1.0,1.0,1.0,0.0,0.0,0.0,0.9208,0.0,5.047100000410865,0.0
recursive,dense,20,1,q_0021,lore,1.0,1.0,1.0,1.0,0.0,0.0,0.0,0.9208,0.0,5.047100000410865,0.0
recursive,dense,1,1,q_0022,lore,1.0,1.0,1.0,1.0,0.0,0.0,0.0,0.9208,0.0,7.56210000054125,0.0
recursive,dense,3,1,q_0022,lore,1.0,1.0,1.0,1.0,0.0,0.0,0.0,0.9208,0.0,7.56210000054125,0.0
recursive,dense,5,1,q_0022,lore,1.0,1.0,1.0,1.0,0.0,0.0,0.0,0.9208,0.0,7.56210000054125,0.0
recursive,dense,10,1,q_0022,lore,1.0,1.0,0.7737459235132744,1.0,0.0,0.0,0.0,0.9208,0.0,7.56210000054125,0.0
recursive,dense,20,1,q_0022,lore,1.0,1.0,0.7307021027077528,1.0,0.0,0.0,0.0,0.9208,0.0,7.56210000054125,0.0
recursive,dense,1,1,q_0023,lore,1.0,1.0,1.0,1.0,0.0,0.0,0.0,0.9208,0.0,4.787400000168418,0.0
recursive,dense,3,1,q_0023,lore,1.0,1.0,1.0,1.0,0.0,0.0,0.0,0.9208,0.0,4.787400000168418,0.0
recursive,dense,5,1,q_0023,lore,1.0,1.0,1.0,1.0,0.0,0.0,0.0,0.9208,0.0,4.787400000168418,0.0
recursive,dense,10,1,q_0023,lore,1.0,1.0,1.0,1.0,0.0,0.0,0.0,0.9208,0.0,4.787400000168418,0.0
recursive,dense,20,1,q_0023,lore,1.0,1.0,1.0,1.0,0.0,0.0,0.0,0.9208,0.0,4.787400000168418,0.0
recursive,dense,1,1,q_0024,lore,0.0,0.5,0.0,0.0,0.0,0.0,0.0,0.9208,0.0,4.725300000245625,0.0
recursive,dense,3,1,q_0024,lore,1.0,0.5,0.6309297535714575,1.0,0.0,0.0,0.0,0.9208,0.0,4.725300000245625,0.0
recursive,dense,5,1,q_0024,lore,1.0,0.5,0.6309297535714575,1.0,0.0,0.0,0.0,0.9208,0.0,4.725300000245625,0.0
recursive,dense,10,1,q_0024,lore,1.0,0.5,0.6309297535714575,1.0,0.0,0.0,0.0,0.9208,0.0,4.725300000245625,0.0
recursive,dense,20,1,q_0024,lore,1.0,0.5,0.6309297535714575,1.0,0.0,0.0,0.0,0.9208,0.0,4.725300000245625,0.0
recursive,dense,1,1,q_0025,lore,1.0,1.0,1.0,1.0,0.0,0.0,0.0,0.9208,0.0,9.25439999991795,0.0
recursive,dense,3,1,q_0025,lore,1.0,1.0,1.0,1.0,0.0,0.0,0.0,0.9208,0.0,9.25439999991795,0.0
recursive,dense,5,1,q_0025,lore,1.0,1.0,1.0,1.0,0.0,0.0,0.0,0.9208,0.0,9.25439999991795,0.0
recursive,dense,10,1,q_0025,lore,1.0,1.0,1.0,1.0,0.0,0.0,0.0,0.9208,0.0,9.25439999991795,0.0
recursive,dense,20,1,q_0025,lore,1.0,1.0,1.0,1.0,0.0,0.0,0.0,0.9208,0.0,9.25439999991795,0.0
recursive,dense,1,1,q_0026,lore,1.0,1.0,1.0,1.0,0.0,0.0,0.0,0.9208,0.0,5.372699999497854,0.0
recursive,dense,3,1,q_0026,lore,1.0,1.0,1.0,1.0,0.0,0.0,0.0,0.9208,0.0,5.372699999497854,0.0
recursive,dense,5,1,q_0026,lore,1.0,1.0,1.0,1.0,0.0,0.0,0.0,0.9208,0.0,5.372699999497854,0.0
recursive,dense,10,1,q_0026,lore,1.0,1.0,1.0,1.0,0.0,0.0,0.0,0.9208,0.0,5.372699999497854,0.0
recursive,dense,20,1,q_0026,lore,1.0,1.0,1.0,1.0,0.0,0.0,0.0,0.9208,0.0,5.372699999497854,0.0
recursive,dense,1,1,q_0027,lore,0.0,0.16666666666666666,0.0,0.0,0.0,0.0,0.0,0.9208,0.0,10.829200000443961,0.0
recursive,dense,3,1,q_0027,lore,0.0,0.16666666666666666,0.0,0.0,0.0,0.0,0.0,0.9208,0.0,10.829200000443961,0.0
recursive,dense,5,1,q_0027,lore,0.0,0.16666666666666666,0.0,0.0,0.0,0.0,0.0,0.9208,0.0,10.829200000443961,0.0
recursive,dense,10,1,q_0027,lore,1.0,0.16666666666666666,0.3562071871080222,1.0,0.0,0.0,0.0,0.9208,0.0,10.829200000443961,0.0
recursive,dense,20,1,q_0027,lore,1.0,0.16666666666666666,0.3562071871080222,1.0,0.0,0.0,0.0,0.9208,0.0,10.829200000443961,0.0
recursive,dense,1,1,q_0028,lore,1.0,1.0,1.0,1.0,0.0,0.0,0.0,0.9208,0.0,4.918500000712811,0.0
recursive,dense,3,1,q_0028,lore,1.0,1.0,1.0,1.0,0.0,0.0,0.0,0.9208,0.0,4.918500000712811,0.0
recursive,dense,5,1,q_0028,lore,1.0,1.0,0.8772153153380493,1.0,0.0,0.0,0.0,0.9208,0.0,4.918500000712811,0.0
recursive,dense,10,1,q_0028,lore,1.0,1.0,0.8772153153380493,1.0,0.0,0.0,0.0,0.9208,0.0,4.918500000712811,0.0
recursive,dense,20,1,q_0028,lore,1.0,1.0,0.8772153153380493,1.0,0.0,0.0,0.0,0.9208,0.0,4.918500000712811,0.0
recursive,dense,1,1,q_0029,mechanical,1.0,1.0,1.0,1.0,0.0,0.0,0.0,0.9208,0.0,9.454799999730312,0.0
recursive,dense,3,1,q_0029,mechanical,1.0,1.0,1.0,1.0,0.0,0.0,0.0,0.9208,0.0,9.454799999730312,0.0
recursive,dense,5,1,q_0029,mechanical,1.0,1.0,1.0,1.0,0.0,0.0,0.0,0.9208,0.0,9.454799999730312,0.0
recursive,dense,10,1,q_0029,mechanical,1.0,1.0,1.0,1.0,0.0,0.0,0.0,0.9208,0.0,9.454799999730312,0.0
recursive,dense,20,1,q_0029,mechanical,1.0,1.0,1.0,1.0,0.0,0.0,0.0,0.9208,0.0,9.454799999730312,0.0
recursive,dense,1,1,q_0030,mechanical,1.0,1.0,1.0,1.0,0.0,0.0,0.0,0.9208,0.0,5.40270000055898,0.0
recursive,dense,3,1,q_0030,mechanical,1.0,1.0,0.9197207891481876,1.0,0.0,0.0,0.0,0.9208,0.0,5.40270000055898,0.0
recursive,dense,5,1,q_0030,mechanical,1.0,1.0,0.8854598815714874,1.0,0.0,0.0,0.0,0.9208,0.0,5.40270000055898,0.0
recursive,dense,10,1,q_0030,mechanical,1.0,1.0,0.867749820489524,1.0,0.0,0.0,0.0,0.9208,0.0,5.40270000055898,0.0
recursive,dense,20,1,q_0030,mechanical,1.0,1.0,0.8297084379178107,1.0,0.0,0.0,0.0,0.9208,0.0,5.40270000055898,0.0
recursive,dense,1,1,q_0031,mechanical,1.0,1.0,1.0,1.0,0.0,0.0,0.0,0.9208,0.0,9.165299999949639,0.0
recursive,dense,3,1,q_0031,mechanical,1.0,1.0,1.0,1.0,0.0,0.0,0.0,0.9208,0.0,9.165299999949639,0.0
recursive,dense,5,1,q_0031,mechanical,1.0,1.0,1.0,1.0,0.0,0.0,0.0,0.9208,0.0,9.165299999949639,0.0
recursive,dense,10,1,q_0031,mechanical,1.0,1.0,1.0,1.0,0.0,0.0,0.0,0.9208,0.0,9.165299999949639,0.0
recursive,dense,20,1,q_0031,mechanical,1.0,1.0,1.0,1.0,0.0,0.0,0.0,0.9208,0.0,9.165299999949639,0.0
recursive,dense,1,1,q_0032,mechanical,1.0,1.0,1.0,1.0,0.0,0.0,0.0,0.9208,0.0,5.351400000108697,0.0
recursive,dense,3,1,q_0032,mechanical,1.0,1.0,1.0,1.0,0.0,0.0,0.0,0.9208,0.0,5.351400000108697,0.0
recursive,dense,5,1,q_0032,mechanical,1.0,1.0,1.0,1.0,0.0,0.0,0.0,0.9208,0.0,5.351400000108697,0.0
recursive,dense,10,1,q_0032,mechanical,1.0,1.0,1.0,1.0,0.0,0.0,0.0,0.9208,0.0,5.351400000108697,0.0
recursive,dense,20,1,q_0032,mechanical,1.0,1.0,1.0,1.0,0.0,0.0,0.0,0.9208,0.0,5.351400000108697,0.0
recursive,dense,1,1,q_0033,mechanical,0.0,0.5,0.0,0.0,0.0,0.0,0.0,0.9208,0.0,8.543800000552437,0.0
recursive,dense,3,1,q_0033,mechanical,1.0,0.5,0.6309297535714575,1.0,0.0,0.0,0.0,0.9208,0.0,8.543800000552437,0.0
recursive,dense,5,1,q_0033,mechanical,1.0,0.5,0.6240505200038379,1.0,0.0,0.0,0.0,0.9208,0.0,8.543800000552437,0.0
recursive,dense,10,1,q_0033,mechanical,1.0,0.5,0.6447841584694202,1.0,0.0,0.0,0.0,0.9208,0.0,8.543800000552437,0.0
recursive,dense,20,1,q_0033,mechanical,1.0,0.5,0.6488702438296265,1.0,0.0,0.0,0.0,0.9208,0.0,8.543800000552437,0.0
recursive,dense,1,1,q_0034,mechanical,0.0,0.2,0.0,0.0,0.0,0.0,0.0,0.9208,0.0,4.906600000140315,0.0
recursive,dense,3,1,q_0034,mechanical,0.0,0.2,0.0,0.0,0.0,0.0,0.0,0.9208,0.0,4.906600000140315,0.0
recursive,dense,5,1,q_0034,mechanical,1.0,0.2,0.38685280723454163,1.0,0.0,0.0,0.0,0.9208,0.0,4.906600000140315,0.0
recursive,dense,10,1,q_0034,mechanical,1.0,0.2,0.41443699955334395,1.0,0.0,0.0,0.0,0.9208,0.0,4.906600000140315,0.0
recursive,dense,20,1,q_0034,mechanical,1.0,0.2,0.4556846094665304,1.0,0.0,0.0,0.0,0.9208,0.0,4.906600000140315,0.0
recursive,dense,1,1,q_0035,mechanical,1.0,1.0,1.0,1.0,0.0,0.0,0.0,0.9208,0.0,4.341500000009546,0.0
recursive,dense,3,1,q_0035,mechanical,1.0,1.0,0.9197207891481876,1.0,0.0,0.0,0.0,0.9208,0.0,4.341500000009546,0.0
recursive,dense,5,1,q_0035,mechanical,1.0,1.0,0.9197207891481876,1.0,0.0,0.0,0.0,0.9208,0.0,4.341500000009546,0.0
recursive,dense,10,1,q_0035,mechanical,1.0,1.0,0.9197207891481876,1.0,0.0,0.0,0.0,0.9208,0.0,4.341500000009546,0.0
recursive,dense,20,1,q_0035,mechanical,1.0,1.0,0.9197207891481876,1.0,0.0,0.0,0.0,0.9208,0.0,4.341500000009546,0.0
recursive,dense,1,1,q_0036,mechanical,1.0,1.0,1.0,1.0,0.0,0.0,0.0,0.9208,0.0,6.365799999912269,0.0
recursive,dense,3,1,q_0036,mechanical,1.0,1.0,0.9197207891481876,1.0,0.0,0.0,0.0,0.9208,0.0,6.365799999912269,0.0
recursive,dense,5,1,q_0036,mechanical,1.0,1.0,0.9197207891481876,1.0,0.0,0.0,0.0,0.9208,0.0,6.365799999912269,0.0
recursive,dense,10,1,q_0036,mechanical,1.0,1.0,0.8519590445170673,1.0,0.0,0.0,0.0,0.9208,0.0,6.365799999912269,0.0
recursive,dense,20,1,q_0036,mechanical,1.0,1.0,0.8142168535936279,1.0,0.0,0.0,0.0,0.9208,0.0,6.365799999912269,0.0
recursive,dense,1,1,q_0037,mechanical,1.0,1.0,1.0,1.0,0.0,0.0,0.0,0.9208,0.0,4.968700000063109,0.0
recursive,dense,3,1,q_0037,mechanical,1.0,1.0,1.0,1.0,0.0,0.0,0.0,0.9208,0.0,4.968700000063109,0.0
recursive,dense,5,1,q_0037,mechanical,1.0,1.0,1.0,1.0,0.0,0.0,0.0,0.9208,0.0,4.968700000063109,0.0
recursive,dense,10,1,q_0037,mechanical,1.0,1.0,0.9888009031441519,1.0,0.0,0.0,0.0,0.9208,0.0,4.968700000063109,0.0
recursive,dense,20,1,q_0037,mechanical,1.0,1.0,0.9576157311371629,1.0,0.0,0.0,0.0,0.9208,0.0,4.968700000063109,0.0
recursive,dense,1,1,q_0038,mechanical,1.0,1.0,1.0,1.0,0.0,0.0,0.0,0.9208,0.0,9.880399999929068,0.0
recursive,dense,3,1,q_0038,mechanical,1.0,1.0,1.0,1.0,0.0,0.0,0.0,0.9208,0.0,9.880399999929068,0.0
recursive,dense,5,1,q_0038,mechanical,1.0,1.0,1.0,1.0,0.0,0.0,0.0,0.9208,0.0,9.880399999929068,0.0
recursive,dense,10,1,q_0038,mechanical,1.0,1.0,1.0,1.0,0.0,0.0,0.0,0.9208,0.0,9.880399999929068,0.0
recursive,dense,20,1,q_0038,mechanical,1.0,1.0,1.0,1.0,0.0,0.0,0.0,0.9208,0.0,9.880399999929068,0.0
recursive,dense,1,1,q_0039,mechanical,0.0,0.0,0.0,0.0,0.0,0.0,0.0,0.9208,0.0,5.153699999937089,0.0
recursive,dense,3,1,q_0039,mechanical,0.0,0.0,0.0,0.0,0.0,0.0,0.0,0.9208,0.0,5.153699999937089,0.0
recursive,dense,5,1,q_0039,mechanical,0.0,0.0,0.0,0.0,0.0,0.0,0.0,0.9208,0.0,5.153699999937089,0.0
recursive,dense,10,1,q_0039,mechanical,0.0,0.0,0.0,0.0,0.0,0.0,0.0,0.9208,0.0,5.153699999937089,0.0
recursive,dense,20,1,q_0039,mechanical,0.0,0.0,0.0,0.0,0.0,0.0,0.0,0.9208,0.0,5.153699999937089,0.0
recursive,dense,1,1,q_0040,mechanical,1.0,1.0,1.0,1.0,0.0,0.0,0.0,0.9208,0.0,9.093200000279467,0.0
recursive,dense,3,1,q_0040,mechanical,1.0,1.0,1.0,1.0,0.0,0.0,0.0,0.9208,0.0,9.093200000279467,0.0
recursive,dense,5,1,q_0040,mechanical,1.0,1.0,1.0,1.0,0.0,0.0,0.0,0.9208,0.0,9.093200000279467,0.0
recursive,dense,10,1,q_0040,mechanical,1.0,1.0,1.0,1.0,0.0,0.0,0.0,0.9208,0.0,9.093200000279467,0.0
recursive,dense,20,1,q_0040,mechanical,1.0,1.0,1.0,1.0,0.0,0.0,0.0,0.9208,0.0,9.093200000279467,0.0
recursive,dense,1,1,q_0041,mechanical,1.0,1.0,1.0,1.0,0.0,0.0,0.0,0.9208,0.0,4.884400000264577,0.0
recursive,dense,3,1,q_0041,mechanical,1.0,1.0,1.0,1.0,0.0,0.0,0.0,0.9208,0.0,4.884400000264577,0.0
recursive,dense,5,1,q_0041,mechanical,1.0,1.0,1.0,1.0,0.0,0.0,0.0,0.9208,0.0,4.884400000264577,0.0
recursive,dense,10,1,q_0041,mechanical,1.0,1.0,1.0,1.0,0.0,0.0,0.0,0.9208,0.0,4.884400000264577,0.0
recursive,dense,20,1,q_0041,mechanical,1.0,1.0,1.0,1.0,0.0,0.0,0.0,0.9208,0.0,4.884400000264577,0.0
recursive,dense,1,1,q_0042,mechanical,0.0,0.125,0.0,0.0,0.0,0.0,0.0,0.9208,0.0,7.136700000046403,0.0
recursive,dense,3,1,q_0042,mechanical,0.0,0.125,0.0,0.0,0.0,0.0,0.0,0.9208,0.0,7.136700000046403,0.0
recursive,dense,5,1,q_0042,mechanical,0.0,0.125,0.0,0.0,0.0,0.0,0.0,0.9208,0.0,7.136700000046403,0.0
recursive,dense,10,1,q_0042,mechanical,1.0,0.125,0.31546487678572877,1.0,0.0,0.0,0.0,0.9208,0.0,7.136700000046403,0.0
recursive,dense,20,1,q_0042,mechanical,1.0,0.125,0.31546487678572877,1.0,0.0,0.0,0.0,0.9208,0.0,7.136700000046403,0.0
recursive,dense,1,1,q_0043,mechanical,0.0,0.06666666666666667,0.0,0.0,0.0,0.0,0.0,0.9208,0.0,6.096500000239757,0.0
recursive,dense,3,1,q_0043,mechanical,0.0,0.06666666666666667,0.0,0.0,0.0,0.0,0.0,0.9208,0.0,6.096500000239757,0.0
recursive,dense,5,1,q_0043,mechanical,0.0,0.06666666666666667,0.0,0.0,0.0,0.0,0.0,0.9208,0.0,6.096500000239757,0.0
recursive,dense,10,1,q_0043,mechanical,0.0,0.06666666666666667,0.0,0.0,0.0,0.0,0.0,0.9208,0.0,6.096500000239757,0.0
recursive,dense,20,1,q_0043,mechanical,1.0,0.06666666666666667,0.25,1.0,0.0,0.0,0.0,0.9208,0.0,6.096500000239757,0.0
recursive,dense,1,1,q_0044,mechanical,0.0,0.125,0.0,0.0,0.0,0.0,0.0,0.9208,0.0,4.2542999999568565,0.0
recursive,dense,3,1,q_0044,mechanical,0.0,0.125,0.0,0.0,0.0,0.0,0.0,0.9208,0.0,4.2542999999568565,0.0
recursive,dense,5,1,q_0044,mechanical,0.0,0.125,0.0,0.0,0.0,0.0,0.0,0.9208,0.0,4.2542999999568565,0.0
recursive,dense,10,1,q_0044,mechanical,1.0,0.125,0.31546487678572877,1.0,0.0,0.0,0.0,0.9208,0.0,4.2542999999568565,0.0
recursive,dense,20,1,q_0044,mechanical,1.0,0.125,0.31546487678572877,1.0,0.0,0.0,0.0,0.9208,0.0,4.2542999999568565,0.0
recursive,dense,1,1,q_0045,mechanical,1.0,1.0,1.0,1.0,0.0,0.0,0.0,0.9208,0.0,13.011400000323192,0.0
recursive,dense,3,1,q_0045,mechanical,1.0,1.0,1.0,1.0,0.0,0.0,0.0,0.9208,0.0,13.011400000323192,0.0
recursive,dense,5,1,q_0045,mechanical,1.0,1.0,1.0,1.0,0.0,0.0,0.0,0.9208,0.0,13.011400000323192,0.0
recursive,dense,10,1,q_0045,mechanical,1.0,1.0,1.0,1.0,0.0,0.0,0.0,0.9208,0.0,13.011400000323192,0.0
recursive,dense,20,1,q_0045,mechanical,1.0,1.0,1.0,1.0,0.0,0.0,0.0,0.9208,0.0,13.011400000323192,0.0
recursive,dense,1,1,q_0046,mechanical,0.0,0.3333333333333333,0.0,0.0,0.0,0.0,0.0,0.9208,0.0,7.827999999790336,0.0
recursive,dense,3,1,q_0046,mechanical,1.0,0.3333333333333333,0.5,1.0,0.0,0.0,0.0,0.9208,0.0,7.827999999790336,0.0
recursive,dense,5,1,q_0046,mechanical,1.0,0.3333333333333333,0.5,1.0,0.0,0.0,0.0,0.9208,0.0,7.827999999790336,0.0
recursive,dense,10,1,q_0046,mechanical,1.0,0.3333333333333333,0.5,1.0,0.0,0.0,0.0,0.9208,0.0,7.827999999790336,0.0
recursive,dense,20,1,q_0046,mechanical,1.0,0.3333333333333333,0.5,1.0,0.0,0.0,0.0,0.9208,0.0,7.827999999790336,0.0
recursive,dense,1,1,q_0047,mechanical,0.0,0.5,0.0,0.0,0.0,0.0,0.0,0.9208,0.0,5.5334999997285195,0.0
recursive,dense,3,1,q_0047,mechanical,1.0,0.5,0.6309297535714575,1.0,0.0,0.0,0.0,0.9208,0.0,5.5334999997285195,0.0
recursive,dense,5,1,q_0047,mechanical,1.0,0.5,0.6509209298071326,1.0,0.0,0.0,0.0,0.9208,0.0,5.5334999997285195,0.0
recursive,dense,10,1,q_0047,mechanical,1.0,0.5,0.6546154994739983,1.0,0.0,0.0,0.0,0.9208,0.0,5.5334999997285195,0.0
recursive,dense,20,1,q_0047,mechanical,1.0,0.5,0.6444775148636833,1.0,0.0,0.0,0.0,0.9208,0.0,5.5334999997285195,0.0
recursive,dense,1,1,q_0048,mechanical,1.0,1.0,1.0,1.0,0.0,0.0,0.0,0.9208,0.0,4.854200000409037,0.0
recursive,dense,3,1,q_0048,mechanical,1.0,1.0,1.0,1.0,0.0,0.0,0.0,0.9208,0.0,4.854200000409037,0.0
recursive,dense,5,1,q_0048,mechanical,1.0,1.0,0.8529278650606567,1.0,0.0,0.0,0.0,0.9208,0.0,4.854200000409037,0.0
recursive,dense,10,1,q_0048,mechanical,1.0,1.0,0.8396538878217249,1.0,0.0,0.0,0.0,0.9208,0.0,4.854200000409037,0.0
recursive,dense,20,1,q_0048,mechanical,1.0,1.0,0.7972033265128312,1.0,0.0,0.0,0.0,0.9208,0.0,4.854200000409037,0.0
recursive,dense,1,1,q_0049,mechanical,0.0,0.5,0.0,0.0,0.0,0.0,0.0,0.9208,0.0,9.512900000117952,0.0
recursive,dense,3,1,q_0049,mechanical,1.0,0.5,0.6309297535714575,1.0,0.0,0.0,0.0,0.9208,0.0,9.512900000117952,0.0
recursive,dense,5,1,q_0049,mechanical,1.0,0.5,0.6309297535714575,1.0,0.0,0.0,0.0,0.9208,0.0,9.512900000117952,0.0
recursive,dense,10,1,q_0049,mechanical,1.0,0.5,0.6309297535714575,1.0,0.0,0.0,0.0,0.9208,0.0,9.512900000117952,0.0
recursive,dense,20,1,q_0049,mechanical,1.0,0.5,0.6309297535714575,1.0,0.0,0.0,0.0,0.9208,0.0,9.512900000117952,0.0
recursive,dense,1,1,q_0050,mechanical,1.0,1.0,1.0,1.0,0.0,0.0,0.0,0.9208,0.0,5.470299999615236,0.0
recursive,dense,3,1,q_0050,mechanical,1.0,1.0,1.0,1.0,0.0,0.0,0.0,0.9208,0.0,5.470299999615236,0.0
recursive,dense,5,1,q_0050,mechanical,1.0,1.0,1.0,1.0,0.0,0.0,0.0,0.9208,0.0,5.470299999615236,0.0
recursive,dense,10,1,q_0050,mechanical,1.0,1.0,1.0,1.0,0.0,0.0,0.0,0.9208,0.0,5.470299999615236,0.0
recursive,dense,20,1,q_0050,mechanical,1.0,1.0,1.0,1.0,0.0,0.0,0.0,0.9208,0.0,5.470299999615236,0.0
recursive,dense,1,1,q_0051,mechanical,1.0,1.0,1.0,1.0,0.0,0.0,0.0,0.9208,0.0,9.223500000189233,0.0
recursive,dense,3,1,q_0051,mechanical,1.0,1.0,1.0,1.0,0.0,0.0,0.0,0.9208,0.0,9.223500000189233,0.0
recursive,dense,5,1,q_0051,mechanical,1.0,1.0,1.0,1.0,0.0,0.0,0.0,0.9208,0.0,9.223500000189233,0.0
recursive,dense,10,1,q_0051,mechanical,1.0,1.0,1.0,1.0,0.0,0.0,0.0,0.9208,0.0,9.223500000189233,0.0
recursive,dense,20,1,q_0051,mechanical,1.0,1.0,1.0,1.0,0.0,0.0,0.0,0.9208,0.0,9.223500000189233,0.0
recursive,dense,1,1,q_0052,mechanical,0.0,0.07692307692307693,0.0,0.0,0.0,0.0,0.0,0.9208,0.0,5.478600000060396,0.0
recursive,dense,3,1,q_0052,mechanical,0.0,0.07692307692307693,0.0,0.0,0.0,0.0,0.0,0.9208,0.0,5.478600000060396,0.0
recursive,dense,5,1,q_0052,mechanical,0.0,0.07692307692307693,0.0,0.0,0.0,0.0,0.0,0.9208,0.0,5.478600000060396,0.0
recursive,dense,10,1,q_0052,mechanical,0.0,0.07692307692307693,0.0,0.0,0.0,0.0,0.0,0.9208,0.0,5.478600000060396,0.0
recursive,dense,20,1,q_0052,mechanical,1.0,0.07692307692307693,0.26264953503719357,1.0,0.0,0.0,0.0,0.9208,0.0,5.478600000060396,0.0
recursive,dense,1,1,q_0053,mechanical,0.0,0.05263157894736842,0.0,0.0,0.0,0.0,0.0,0.9208,0.0,8.345899999767425,0.0
recursive,dense,3,1,q_0053,mechanical,0.0,0.05263157894736842,0.0,0.0,0.0,0.0,0.0,0.9208,0.0,8.345899999767425,0.0
recursive,dense,5,1,q_0053,mechanical,0.0,0.05263157894736842,0.0,0.0,0.0,0.0,0.0,0.9208,0.0,8.345899999767425,0.0
recursive,dense,10,1,q_0053,mechanical,0.0,0.05263157894736842,0.0,0.0,0.0,0.0,0.0,0.9208,0.0,8.345899999767425,0.0
recursive,dense,20,1,q_0053,mechanical,1.0,0.05263157894736842,0.23137821315975915,1.0,0.0,0.0,0.0,0.9208,0.0,8.345899999767425,0.0
recursive,dense,1,1,q_0056,tabular,1.0,1.0,1.0,1.0,0.0,0.0,0.0,0.9208,0.0,5.433199999970384,0.0
recursive,dense,3,1,q_0056,tabular,1.0,1.0,0.9197207891481876,1.0,0.0,0.0,0.0,0.9208,0.0,5.433199999970384,0.0
recursive,dense,5,1,q_0056,tabular,1.0,1.0,0.9197207891481876,1.0,0.0,0.0,0.0,0.9208,0.0,5.433199999970384,0.0
recursive,dense,10,1,q_0056,tabular,1.0,1.0,0.86034433104172,1.0,0.0,0.0,0.0,0.9208,0.0,5.433199999970384,0.0
recursive,dense,20,1,q_0056,tabular,1.0,1.0,0.86034433104172,1.0,0.0,0.0,0.0,0.9208,0.0,5.433199999970384,0.0
recursive,dense,1,1,q_0057,tabular,1.0,1.0,1.0,1.0,0.0,0.0,0.0,0.9208,0.0,7.101700000021083,0.0
recursive,dense,3,1,q_0057,tabular,1.0,1.0,1.0,1.0,0.0,0.0,0.0,0.9208,0.0,7.101700000021083,0.0
recursive,dense,5,1,q_0057,tabular,1.0,1.0,1.0,1.0,0.0,0.0,0.0,0.9208,0.0,7.101700000021083,0.0
recursive,dense,10,1,q_0057,tabular,1.0,1.0,0.9770153702993118,1.0,0.0,0.0,0.0,0.9208,0.0,7.101700000021083,0.0
recursive,dense,20,1,q_0057,tabular,1.0,1.0,0.9693668491893591,1.0,0.0,0.0,0.0,0.9208,0.0,7.101700000021083,0.0
recursive,dense,1,1,q_0058,tabular,1.0,1.0,1.0,1.0,0.0,0.0,0.0,0.9208,0.0,5.135999999765772,0.0
recursive,dense,3,1,q_0058,tabular,1.0,1.0,1.0,1.0,0.0,0.0,0.0,0.9208,0.0,5.135999999765772,0.0
recursive,dense,5,1,q_0058,tabular,1.0,1.0,1.0,1.0,0.0,0.0,0.0,0.9208,0.0,5.135999999765772,0.0
recursive,dense,10,1,q_0058,tabular,1.0,1.0,1.0,1.0,0.0,0.0,0.0,0.9208,0.0,5.135999999765772,0.0
recursive,dense,20,1,q_0058,tabular,1.0,1.0,1.0,1.0,0.0,0.0,0.0,0.9208,0.0,5.135999999765772,0.0
recursive,dense,1,1,q_0059,tabular,1.0,1.0,1.0,1.0,0.0,0.0,0.0,0.9208,0.0,4.746599999634782,0.0
recursive,dense,3,1,q_0059,tabular,1.0,1.0,1.0,1.0,0.0,0.0,0.0,0.9208,0.0,4.746599999634782,0.0
recursive,dense,5,1,q_0059,tabular,1.0,1.0,0.8772153153380493,1.0,0.0,0.0,0.0,0.9208,0.0,4.746599999634782,0.0
recursive,dense,10,1,q_0059,tabular,1.0,1.0,0.8772153153380493,1.0,0.0,0.0,0.0,0.9208,0.0,4.746599999634782,0.0
recursive,dense,20,1,q_0059,tabular,1.0,1.0,0.8772153153380493,1.0,0.0,0.0,0.0,0.9208,0.0,4.746599999634782,0.0
recursive,dense,1,1,q_0060,tabular,1.0,1.0,1.0,1.0,0.0,0.0,0.0,0.9208,0.0,9.339799999906973,0.0
recursive,dense,3,1,q_0060,tabular,1.0,1.0,1.0,1.0,0.0,0.0,0.0,0.9208,0.0,9.339799999906973,0.0
recursive,dense,5,1,q_0060,tabular,1.0,1.0,1.0,1.0,0.0,0.0,0.0,0.9208,0.0,9.339799999906973,0.0
recursive,dense,10,1,q_0060,tabular,1.0,1.0,0.9971876401972101,1.0,0.0,0.0,0.0,0.9208,0.0,9.339799999906973,0.0
recursive,dense,20,1,q_0060,tabular,1.0,1.0,0.9816258260737211,1.0,0.0,0.0,0.0,0.9208,0.0,9.339799999906973,0.0
recursive,dense,1,1,q_0061,tabular,1.0,1.0,1.0,1.0,0.0,0.0,0.0,0.9208,0.0,5.497600000126113,0.0
recursive,dense,3,1,q_0061,tabular,1.0,1.0,1.0,1.0,0.0,0.0,0.0,0.9208,0.0,5.497600000126113,0.0
recursive,dense,5,1,q_0061,tabular,1.0,1.0,1.0,1.0,0.0,0.0,0.0,0.9208,0.0,5.497600000126113,0.0
recursive,dense,10,1,q_0061,tabular,1.0,1.0,0.9217868789962071,1.0,0.0,0.0,0.0,0.9208,0.0,5.497600000126113,0.0
recursive,dense,20,1,q_0061,tabular,1.0,1.0,0.9217868789962071,1.0,0.0,0.0,0.0,0.9208,0.0,5.497600000126113,0.0
recursive,dense,1,1,q_0062,tabular,0.0,0.07692307692307693,0.0,0.0,0.0,0.0,0.0,0.9208,0.0,8.59390000005078,0.0
recursive,dense,3,1,q_0062,tabular,0.0,0.07692307692307693,0.0,0.0,0.0,0.0,0.0,0.9208,0.0,8.59390000005078,0.0
recursive,dense,5,1,q_0062,tabular,0.0,0.07692307692307693,0.0,0.0,0.0,0.0,0.0,0.9208,0.0,8.59390000005078,0.0
recursive,dense,10,1,q_0062,tabular,0.0,0.07692307692307693,0.0,0.0,0.0,0.0,0.0,0.9208,0.0,8.59390000005078,0.0
recursive,dense,20,1,q_0062,tabular,1.0,0.07692307692307693,0.3080831657556183,1.0,0.0,0.0,0.0,0.9208,0.0,8.59390000005078,0.0
recursive,dense,1,1,q_0063,tabular,0.0,0.16666666666666666,0.0,0.0,0.0,0.0,0.0,0.9208,0.0,5.552299999180832,0.0
recursive,dense,3,1,q_0063,tabular,0.0,0.16666666666666666,0.0,0.0,0.0,0.0,0.0,0.9208,0.0,5.552299999180832,0.0
recursive,dense,5,1,q_0063,tabular,0.0,0.16666666666666666,0.0,0.0,0.0,0.0,0.0,0.9208,0.0,5.552299999180832,0.0
recursive,dense,10,1,q_0063,tabular,1.0,0.16666666666666666,0.3562071871080222,1.0,0.0,0.0,0.0,0.9208,0.0,5.552299999180832,0.0
recursive,dense,20,1,q_0063,tabular,1.0,0.16666666666666666,0.36274775120088537,1.0,0.0,0.0,0.0,0.9208,0.0,5.552299999180832,0.0
recursive,dense,1,1,q_0064,tabular,1.0,1.0,1.0,1.0,0.0,0.0,0.0,0.9208,0.0,8.961100000306033,0.0
recursive,dense,3,1,q_0064,tabular,1.0,1.0,1.0,1.0,0.0,0.0,0.0,0.9208,0.0,8.961100000306033,0.0
recursive,dense,5,1,q_0064,tabular,1.0,1.0,1.0,1.0,0.0,0.0,0.0,0.9208,0.0,8.961100000306033,0.0
recursive,dense,10,1,q_0064,tabular,1.0,1.0,1.0,1.0,0.0,0.0,0.0,0.9208,0.0,8.961100000306033,0.0
recursive,dense,20,1,q_0064,tabular,1.0,1.0,1.0,1.0,0.0,0.0,0.0,0.9208,0.0,8.961100000306033,0.0
recursive,dense,1,1,q_0065,tabular,1.0,1.0,1.0,1.0,0.0,0.0,0.0,0.9208,0.0,5.138399999850662,0.0
recursive,dense,3,1,q_0065,tabular,1.0,1.0,1.0,1.0,0.0,0.0,0.0,0.9208,0.0,5.138399999850662,0.0
recursive,dense,5,1,q_0065,tabular,1.0,1.0,0.8772153153380493,1.0,0.0,0.0,0.0,0.9208,0.0,5.138399999850662,0.0
recursive,dense,10,1,q_0065,tabular,1.0,1.0,0.8772153153380493,1.0,0.0,0.0,0.0,0.9208,0.0,5.138399999850662,0.0
recursive,dense,20,1,q_0065,tabular,1.0,1.0,0.8772153153380493,1.0,0.0,0.0,0.0,0.9208,0.0,5.138399999850662,0.0
recursive,dense,1,1,q_0066,tabular,0.0,0.16666666666666666,0.0,0.0,0.0,0.0,0.0,0.9208,0.0,4.575300000396965,0.0
recursive,dense,3,1,q_0066,tabular,0.0,0.16666666666666666,0.0,0.0,0.0,0.0,0.0,0.9208,0.0,4.575300000396965,0.0
recursive,dense,5,1,q_0066,tabular,0.0,0.16666666666666666,0.0,0.0,0.0,0.0,0.0,0.9208,0.0,4.575300000396965,0.0
recursive,dense,10,1,q_0066,tabular,1.0,0.16666666666666666,0.5098501619682683,1.0,0.0,0.0,0.0,0.9208,0.0,4.575300000396965,0.0
recursive,dense,20,1,q_0066,tabular,1.0,0.16666666666666666,0.6150077950752094,1.0,0.0,0.0,0.0,0.9208,0.0,4.575300000396965,0.0
recursive,dense,1,1,q_0067,tabular,1.0,1.0,1.0,1.0,0.0,0.0,0.0,0.9208,0.0,8.882600000106322,0.0
recursive,dense,3,1,q_0067,tabular,1.0,1.0,0.9197207891481876,1.0,0.0,0.0,0.0,0.9208,0.0,8.882600000106322,0.0
recursive,dense,5,1,q_0067,tabular,1.0,1.0,0.9047172294870751,1.0,0.0,0.0,0.0,0.9208,0.0,8.882600000106322,0.0
recursive,dense,10,1,q_0067,tabular,1.0,1.0,0.8976178835522929,1.0,0.0,0.0,0.0,0.9208,0.0,8.882600000106322,0.0
recursive,dense,20,1,q_0067,tabular,1.0,1.0,0.8697085087884923,1.0,0.0,0.0,0.0,0.9208,0.0,8.882600000106322,0.0
recursive,dense,1,1,q_0068,tabular,1.0,1.0,1.0,1.0,0.0,0.0,0.0,0.9208,0.0,5.385399999795482,0.0
recursive,dense,3,1,q_0068,tabular,1.0,1.0,1.0,1.0,0.0,0.0,0.0,0.9208,0.0,5.385399999795482,0.0
recursive,dense,5,1,q_0068,tabular,1.0,1.0,1.0,1.0,0.0,0.0,0.0,0.9208,0.0,5.385399999795482,0.0
recursive,dense,10,1,q_0068,tabular,1.0,1.0,1.0,1.0,0.0,0.0,0.0,0.9208,0.0,5.385399999795482,0.0
recursive,dense,20,1,q_0068,tabular,1.0,1.0,1.0,1.0,0.0,0.0,0.0,0.9208,0.0,5.385399999795482,0.0
recursive,dense,1,1,q_0069,tabular,0.0,0.5,0.0,0.0,0.0,0.0,0.0,0.9208,0.0,9.032099999785714,0.0
recursive,dense,3,1,q_0069,tabular,1.0,0.5,0.6309297535714575,1.0,0.0,0.0,0.0,0.9208,0.0,9.032099999785714,0.0
recursive,dense,5,1,q_0069,tabular,1.0,0.5,0.6309297535714575,1.0,0.0,0.0,0.0,0.9208,0.0,9.032099999785714,0.0
recursive,dense,10,1,q_0069,tabular,1.0,0.5,0.6309297535714575,1.0,0.0,0.0,0.0,0.9208,0.0,9.032099999785714,0.0
recursive,dense,20,1,q_0069,tabular,1.0,0.5,0.6309297535714575,1.0,0.0,0.0,0.0,0.9208,0.0,9.032099999785714,0.0
recursive,dense,1,1,q_0070,tabular,0.0,0.5,0.0,0.0,0.0,0.0,0.0,0.9208,0.0,5.374399999709567,0.0
recursive,dense,3,1,q_0070,tabular,1.0,0.5,0.6309297535714575,1.0,0.0,0.0,0.0,0.9208,0.0,5.374399999709567,0.0
recursive,dense,5,1,q_0070,tabular,1.0,0.5,0.6309297535714575,1.0,0.0,0.0,0.0,0.9208,0.0,5.374399999709567,0.0
recursive,dense,10,1,q_0070,tabular,1.0,0.5,0.6309297535714575,1.0,0.0,0.0,0.0,0.9208,0.0,5.374399999709567,0.0
recursive,dense,20,1,q_0070,tabular,1.0,0.5,0.6309297535714575,1.0,0.0,0.0,0.0,0.9208,0.0,5.374399999709567,0.0
recursive,dense,1,1,q_0071,tabular,1.0,1.0,1.0,1.0,0.0,0.0,0.0,0.9208,0.0,8.044799999879615,0.0
recursive,dense,3,1,q_0071,tabular,1.0,1.0,1.0,1.0,0.0,0.0,0.0,0.9208,0.0,8.044799999879615,0.0
recursive,dense,5,1,q_0071,tabular,1.0,1.0,1.0,1.0,0.0,0.0,0.0,0.9208,0.0,8.044799999879615,0.0
recursive,dense,10,1,q_0071,tabular,1.0,1.0,1.0,1.0,0.0,0.0,0.0,0.9208,0.0,8.044799999879615,0.0
recursive,dense,20,1,q_0071,tabular,1.0,1.0,0.680833639528739,1.0,0.0,0.0,0.0,0.9208,0.0,8.044799999879615,0.0
recursive,dense,1,1,q_0072,tabular,1.0,1.0,1.0,1.0,0.0,0.0,0.0,0.9208,0.0,4.825800000617164,0.0
recursive,dense,3,1,q_0072,tabular,1.0,1.0,1.0,1.0,0.0,0.0,0.0,0.9208,0.0,4.825800000617164,0.0
recursive,dense,5,1,q_0072,tabular,1.0,1.0,1.0,1.0,0.0,0.0,0.0,0.9208,0.0,4.825800000617164,0.0
recursive,dense,10,1,q_0072,tabular,1.0,1.0,0.7977228895450266,1.0,0.0,0.0,0.0,0.9208,0.0,4.825800000617164,0.0
recursive,dense,20,1,q_0072,tabular,1.0,1.0,0.7977228895450266,1.0,0.0,0.0,0.0,0.9208,0.0,4.825800000617164,0.0
recursive,dense,1,1,q_0073,tabular,1.0,1.0,1.0,1.0,0.0,0.0,0.0,0.9208,0.0,4.726199999822711,0.0
recursive,dense,3,1,q_0073,tabular,1.0,1.0,1.0,1.0,0.0,0.0,0.0,0.9208,0.0,4.726199999822711,0.0
recursive,dense,5,1,q_0073,tabular,1.0,1.0,0.8772153153380493,1.0,0.0,0.0,0.0,0.9208,0.0,4.726199999822711,0.0
recursive,dense,10,1,q_0073,tabular,1.0,1.0,0.8104089071229301,1.0,0.0,0.0,0.0,0.9208,0.0,4.726199999822711,0.0
recursive,dense,20,1,q_0073,tabular,1.0,1.0,0.7825295969548953,1.0,0.0,0.0,0.0,0.9208,0.0,4.726199999822711,0.0
recursive,dense,1,1,q_0074,tabular,1.0,1.0,1.0,1.0,0.0,0.0,0.0,0.9208,0.0,6.003000000418979,0.0
recursive,dense,3,1,q_0074,tabular,1.0,1.0,0.9197207891481876,1.0,0.0,0.0,0.0,0.9208,0.0,6.003000000418979,0.0
recursive,dense,5,1,q_0074,tabular,1.0,1.0,0.9060254355346823,1.0,0.0,0.0,0.0,0.9208,0.0,6.003000000418979,0.0
recursive,dense,10,1,q_0074,tabular,1.0,1.0,0.8824387627196181,1.0,0.0,0.0,0.0,0.9208,0.0,6.003000000418979,0.0
recursive,dense,20,1,q_0074,tabular,1.0,1.0,0.8738756728349827,1.0,0.0,0.0,0.0,0.9208,0.0,6.003000000418979,0.0
recursive,dense,1,1,q_0075,tabular,1.0,1.0,1.0,1.0,0.0,0.0,0.0,0.9208,0.0,5.137400000421621,0.0
recursive,dense,3,1,q_0075,tabular,1.0,1.0,1.0,1.0,0.0,0.0,0.0,0.9208,0.0,5.137400000421621,0.0
recursive,dense,5,1,q_0075,tabular,1.0,1.0,1.0,1.0,0.0,0.0,0.0,0.9208,0.0,5.137400000421621,0.0
recursive,dense,10,1,q_0075,tabular,1.0,1.0,0.9493885684853097,1.0,0.0,0.0,0.0,0.9208,0.0,5.137400000421621,0.0
recursive,dense,20,1,q_0075,tabular,1.0,1.0,0.885410878590395,1.0,0.0,0.0,0.0,0.9208,0.0,5.137400000421621,0.0
recursive,dense,1,1,q_0076,cross_reference,1.0,1.0,1.0,1.0,0.0,0.0,0.0,0.9208,0.0,9.549299999889627,0.0
recursive,dense,3,1,q_0076,cross_reference,1.0,1.0,1.0,1.0,0.0,0.0,0.0,0.9208,0.0,9.549299999889627,0.0
recursive,dense,5,1,q_0076,cross_reference,1.0,1.0,1.0,1.0,0.0,0.0,0.0,0.9208,0.0,9.549299999889627,0.0
recursive,dense,10,1,q_0076,cross_reference,1.0,1.0,0.8315546295836225,1.0,0.0,0.0,0.0,0.9208,0.0,9.549299999889627,0.0
recursive,dense,20,1,q_0076,cross_reference,1.0,1.0,0.8315546295836225,1.0,0.0,0.0,0.0,0.9208,0.0,9.549299999889627,0.0
recursive,dense,1,1,q_0077,cross_reference,0.0,0.2,0.0,0.0,0.0,0.0,0.0,0.9208,0.0,5.190300000322168,0.0
recursive,dense,3,1,q_0077,cross_reference,0.0,0.2,0.0,0.0,0.0,0.0,0.0,0.9208,0.0,5.190300000322168,0.0
recursive,dense,5,1,q_0077,cross_reference,1.0,0.2,0.38685280723454163,1.0,0.0,0.0,0.0,0.9208,0.0,5.190300000322168,0.0
recursive,dense,10,1,q_0077,cross_reference,1.0,0.2,0.38685280723454163,1.0,0.0,0.0,0.0,0.9208,0.0,5.190300000322168,0.0
recursive,dense,20,1,q_0077,cross_reference,1.0,0.2,0.38685280723454163,1.0,0.0,0.0,0.0,0.9208,0.0,5.190300000322168,0.0
recursive,dense,1,1,q_0078,cross_reference,1.0,1.0,1.0,1.0,0.0,0.0,0.0,0.9208,0.0,9.256000000277709,0.0
recursive,dense,3,1,q_0078,cross_reference,1.0,1.0,1.0,1.0,0.0,0.0,0.0,0.9208,0.0,9.256000000277709,0.0
recursive,dense,5,1,q_0078,cross_reference,1.0,1.0,1.0,1.0,0.0,0.0,0.0,0.9208,0.0,9.256000000277709,0.0
recursive,dense,10,1,q_0078,cross_reference,1.0,1.0,0.7977228895450266,1.0,0.0,0.0,0.0,0.9208,0.0,9.256000000277709,0.0
recursive,dense,20,1,q_0078,cross_reference,1.0,1.0,0.7977228895450266,1.0,0.0,0.0,0.0,0.9208,0.0,9.256000000277709,0.0
recursive,dense,1,1,q_0079,cross_reference,1.0,1.0,1.0,1.0,0.0,0.0,0.0,0.9208,0.0,5.045300000347197,0.0
recursive,dense,3,1,q_0079,cross_reference,1.0,1.0,1.0,1.0,0.0,0.0,0.0,0.9208,0.0,5.045300000347197,0.0
recursive,dense,5,1,q_0079,cross_reference,1.0,1.0,1.0,1.0,0.0,0.0,0.0,0.9208,0.0,5.045300000347197,0.0
recursive,dense,10,1,q_0079,cross_reference,1.0,1.0,1.0,1.0,0.0,0.0,0.0,0.9208,0.0,5.045300000347197,0.0
recursive,dense,20,1,q_0079,cross_reference,1.0,1.0,1.0,1.0,0.0,0.0,0.0,0.9208,0.0,5.045300000347197,0.0
recursive,dense,1,1,q_0080,cross_reference,0.0,0.0,0.0,0.0,0.0,0.0,0.0,0.9208,0.0,8.515000000443251,0.0
recursive,dense,3,1,q_0080,cross_reference,0.0,0.0,0.0,0.0,0.0,0.0,0.0,0.9208,0.0,8.515000000443251,0.0
recursive,dense,5,1,q_0080,cross_reference,0.0,0.0,0.0,0.0,0.0,0.0,0.0,0.9208,0.0,8.515000000443251,0.0
recursive,dense,10,1,q_0080,cross_reference,0.0,0.0,0.0,0.0,0.0,0.0,0.0,0.9208,0.0,8.515000000443251,0.0
recursive,dense,20,1,q_0080,cross_reference,0.0,0.0,0.0,0.0,0.0,0.0,0.0,0.9208,0.0,8.515000000443251,0.0
recursive,dense,1,1,q_0081,cross_reference,0.0,0.3333333333333333,0.0,0.0,0.0,0.0,0.0,0.9208,0.0,5.23819999943953,0.0
recursive,dense,3,1,q_0081,cross_reference,1.0,0.3333333333333333,0.5,1.0,0.0,0.0,0.0,0.9208,0.0,5.23819999943953,0.0
recursive,dense,5,1,q_0081,cross_reference,1.0,0.3333333333333333,0.5706417189553201,1.0,0.0,0.0,0.0,0.9208,0.0,5.23819999943953,0.0
recursive,dense,10,1,q_0081,cross_reference,1.0,0.3333333333333333,0.5706417189553201,1.0,0.0,0.0,0.0,0.9208,0.0,5.23819999943953,0.0
recursive,dense,20,1,q_0081,cross_reference,1.0,0.3333333333333333,0.5706417189553201,1.0,0.0,0.0,0.0,0.9208,0.0,5.23819999943953,0.0
recursive,dense,1,1,q_0082,cross_reference,0.0,0.0,0.0,0.0,0.0,0.0,0.0,0.9208,0.0,7.15310000032332,0.0
recursive,dense,3,1,q_0082,cross_reference,0.0,0.0,0.0,0.0,0.0,0.0,0.0,0.9208,0.0,7.15310000032332,0.0
recursive,dense,5,1,q_0082,cross_reference,0.0,0.0,0.0,0.0,0.0,0.0,0.0,0.9208,0.0,7.15310000032332,0.0
recursive,dense,10,1,q_0082,cross_reference,0.0,0.0,0.0,0.0,0.0,0.0,0.0,0.9208,0.0,7.15310000032332,0.0
recursive,dense,20,1,q_0082,cross_reference,0.0,0.0,0.0,0.0,0.0,0.0,0.0,0.9208,0.0,7.15310000032332,0.0
recursive,dense,1,1,q_0083,cross_reference,0.0,0.3333333333333333,0.0,0.0,0.0,0.0,0.0,0.9208,0.0,4.655300000194984,0.0
recursive,dense,3,1,q_0083,cross_reference,1.0,0.3333333333333333,0.5,1.0,0.0,0.0,0.0,0.9208,0.0,4.655300000194984,0.0
recursive,dense,5,1,q_0083,cross_reference,1.0,0.3333333333333333,0.5,1.0,0.0,0.0,0.0,0.9208,0.0,4.655300000194984,0.0
recursive,dense,10,1,q_0083,cross_reference,1.0,0.3333333333333333,0.5,1.0,0.0,0.0,0.0,0.9208,0.0,4.655300000194984,0.0
recursive,dense,20,1,q_0083,cross_reference,1.0,0.3333333333333333,0.5,1.0,0.0,0.0,0.0,0.9208,0.0,4.655300000194984,0.0
recursive,dense,1,1,q_0084,cross_reference,1.0,1.0,1.0,1.0,0.0,0.0,0.0,0.9208,0.0,5.304199999955017,0.0
recursive,dense,3,1,q_0084,cross_reference,1.0,1.0,1.0,1.0,0.0,0.0,0.0,0.9208,0.0,5.304199999955017,0.0
recursive,dense,5,1,q_0084,cross_reference,1.0,1.0,1.0,1.0,0.0,0.0,0.0,0.9208,0.0,5.304199999955017,0.0
recursive,dense,10,1,q_0084,cross_reference,1.0,1.0,1.0,1.0,0.0,0.0,0.0,0.9208,0.0,5.304199999955017,0.0
recursive,dense,20,1,q_0084,cross_reference,1.0,1.0,0.7841802768331765,1.0,0.0,0.0,0.0,0.9208,0.0,5.304199999955017,0.0
recursive,dense,1,1,q_0085,cross_reference,0.0,0.5,0.0,0.0,0.0,0.0,0.0,0.9208,0.0,9.33560000066791,0.0
recursive,dense,3,1,q_0085,cross_reference,1.0,0.5,0.6309297535714575,1.0,0.0,0.0,0.0,0.9208,0.0,9.33560000066791,0.0
recursive,dense,5,1,q_0085,cross_reference,1.0,0.5,0.6240505200038379,1.0,0.0,0.0,0.0,0.9208,0.0,9.33560000066791,0.0
recursive,dense,10,1,q_0085,cross_reference,1.0,0.5,0.618890676363047,1.0,0.0,0.0,0.0,0.9208,0.0,9.33560000066791,0.0
recursive,dense,20,1,q_0085,cross_reference,1.0,0.5,0.618890676363047,1.0,0.0,0.0,0.0,0.9208,0.0,9.33560000066791,0.0
recursive,dense,1,1,q_0086,cross_reference,1.0,1.0,1.0,1.0,0.0,0.0,0.0,0.9208,0.0,5.415700000412471,0.0
recursive,dense,3,1,q_0086,cross_reference,1.0,1.0,1.0,1.0,0.0,0.0,0.0,0.9208,0.0,5.415700000412471,0.0
recursive,dense,5,1,q_0086,cross_reference,1.0,1.0,1.0,1.0,0.0,0.0,0.0,0.9208,0.0,5.415700000412471,0.0
recursive,dense,10,1,q_0086,cross_reference,1.0,1.0,1.0,1.0,0.0,0.0,0.0,0.9208,0.0,5.415700000412471,0.0
recursive,dense,20,1,q_0086,cross_reference,1.0,1.0,0.766433990956823,1.0,0.0,0.0,0.0,0.9208,0.0,5.415700000412471,0.0
recursive,dense,1,1,q_0087,cross_reference,0.0,0.5,0.0,0.0,0.0,0.0,0.0,0.9208,0.0,8.910699999432836,0.0
recursive,dense,3,1,q_0087,cross_reference,1.0,0.5,0.6934264036172708,1.0,0.0,0.0,0.0,0.9208,0.0,8.910699999432836,0.0
recursive,dense,5,1,q_0087,cross_reference,1.0,0.5,0.6934264036172708,1.0,0.0,0.0,0.0,0.9208,0.0,8.910699999432836,0.0
recursive,dense,10,1,q_0087,cross_reference,1.0,0.5,0.6871475159848289,1.0,0.0,0.0,0.0,0.9208,0.0,8.910699999432836,0.0
recursive,dense,20,1,q_0087,cross_reference,1.0,0.5,0.6871475159848289,1.0,0.0,0.0,0.0,0.9208,0.0,8.910699999432836,0.0
recursive,dense,1,1,q_0088,cross_reference,1.0,1.0,1.0,1.0,0.0,0.0,0.0,0.9208,0.0,5.165000000488362,0.0
recursive,dense,3,1,q_0088,cross_reference,1.0,1.0,0.9197207891481876,1.0,0.0,0.0,0.0,0.9208,0.0,5.165000000488362,0.0
recursive,dense,5,1,q_0088,cross_reference,1.0,1.0,0.9197207891481876,1.0,0.0,0.0,0.0,0.9208,0.0,5.165000000488362,0.0
recursive,dense,10,1,q_0088,cross_reference,1.0,1.0,0.9197207891481876,1.0,0.0,0.0,0.0,0.9208,0.0,5.165000000488362,0.0
recursive,dense,20,1,q_0088,cross_reference,1.0,1.0,0.9197207891481876,1.0,0.0,0.0,0.0,0.9208,0.0,5.165000000488362,0.0
recursive,dense,1,1,q_0089,cross_reference,1.0,1.0,1.0,1.0,0.0,0.0,0.0,0.9208,0.0,7.797999999638705,0.0
recursive,dense,3,1,q_0089,cross_reference,1.0,1.0,1.0,1.0,0.0,0.0,0.0,0.9208,0.0,7.797999999638705,0.0
recursive,dense,5,1,q_0089,cross_reference,1.0,1.0,1.0,1.0,0.0,0.0,0.0,0.9208,0.0,7.797999999638705,0.0
recursive,dense,10,1,q_0089,cross_reference,1.0,1.0,1.0,1.0,0.0,0.0,0.0,0.9208,0.0,7.797999999638705,0.0
recursive,dense,20,1,q_0089,cross_reference,1.0,1.0,1.0,1.0,0.0,0.0,0.0,0.9208,0.0,7.797999999638705,0.0
recursive,dense,1,1,q_0090,cross_reference,0.0,0.0,0.0,0.0,0.0,0.0,0.0,0.9208,0.0,5.290400000376394,0.0
recursive,dense,3,1,q_0090,cross_reference,0.0,0.0,0.0,0.0,0.0,0.0,0.0,0.9208,0.0,5.290400000376394,0.0
recursive,dense,5,1,q_0090,cross_reference,0.0,0.0,0.0,0.0,0.0,0.0,0.0,0.9208,0.0,5.290400000376394,0.0
recursive,dense,10,1,q_0090,cross_reference,0.0,0.0,0.0,0.0,0.0,0.0,0.0,0.9208,0.0,5.290400000376394,0.0
recursive,dense,20,1,q_0090,cross_reference,0.0,0.0,0.0,0.0,0.0,0.0,0.0,0.9208,0.0,5.290400000376394,0.0
recursive,dense,1,1,q_0092,monster,1.0,1.0,1.0,1.0,0.0,0.0,0.0,0.9208,0.0,8.126300000185438,0.0
recursive,dense,3,1,q_0092,monster,1.0,1.0,1.0,1.0,0.0,0.0,0.0,0.9208,0.0,8.126300000185438,0.0
recursive,dense,5,1,q_0092,monster,1.0,1.0,1.0,1.0,0.0,0.0,0.0,0.9208,0.0,8.126300000185438,0.0
recursive,dense,10,1,q_0092,monster,1.0,1.0,1.0,1.0,0.0,0.0,0.0,0.9208,0.0,8.126300000185438,0.0
recursive,dense,20,1,q_0092,monster,1.0,1.0,1.0,1.0,0.0,0.0,0.0,0.9208,0.0,8.126300000185438,0.0
recursive,dense,1,1,q_0093,monster,0.0,0.5,0.0,0.0,0.0,0.0,0.0,0.9208,0.0,5.663799999638286,0.0
recursive,dense,3,1,q_0093,monster,1.0,0.5,0.6309297535714575,1.0,0.0,0.0,0.0,0.9208,0.0,5.663799999638286,0.0
recursive,dense,5,1,q_0093,monster,1.0,0.5,0.6309297535714575,1.0,0.0,0.0,0.0,0.9208,0.0,5.663799999638286,0.0
recursive,dense,10,1,q_0093,monster,1.0,0.5,0.6309297535714575,1.0,0.0,0.0,0.0,0.9208,0.0,5.663799999638286,0.0
recursive,dense,20,1,q_0093,monster,1.0,0.5,0.5478956323237497,1.0,0.0,0.0,0.0,0.9208,0.0,5.663799999638286,0.0
recursive,dense,1,1,q_0094,monster,1.0,1.0,1.0,1.0,0.0,0.0,0.0,0.9208,0.0,5.088900000373542,0.0
recursive,dense,3,1,q_0094,monster,1.0,1.0,1.0,1.0,0.0,0.0,0.0,0.9208,0.0,5.088900000373542,0.0
recursive,dense,5,1,q_0094,monster,1.0,1.0,1.0,1.0,0.0,0.0,0.0,0.9208,0.0,5.088900000373542,0.0
recursive,dense,10,1,q_0094,monster,1.0,1.0,1.0,1.0,0.0,0.0,0.0,0.9208,0.0,5.088900000373542,0.0
recursive,dense,20,1,q_0094,monster,1.0,1.0,1.0,1.0,0.0,0.0,0.0,0.9208,0.0,5.088900000373542,0.0
recursive,dense,1,1,q_0095,monster,1.0,1.0,1.0,1.0,0.0,0.0,0.0,0.9208,0.0,9.642500000154541,0.0
recursive,dense,3,1,q_0095,monster,1.0,1.0,1.0,1.0,0.0,0.0,0.0,0.9208,0.0,9.642500000154541,0.0
recursive,dense,5,1,q_0095,monster,1.0,1.0,0.9469024295259745,1.0,0.0,0.0,0.0,0.9208,0.0,9.642500000154541,0.0
recursive,dense,10,1,q_0095,monster,1.0,1.0,0.913852335159709,1.0,0.0,0.0,0.0,0.9208,0.0,9.642500000154541,0.0
recursive,dense,20,1,q_0095,monster,1.0,1.0,0.9249848996581271,1.0,0.0,0.0,0.0,0.9208,0.0,9.642500000154541,0.0
recursive,dense,1,1,q_0096,monster,1.0,1.0,1.0,1.0,0.0,0.0,0.0,0.9208,0.0,5.567600000176753,0.0
recursive,dense,3,1,q_0096,monster,1.0,1.0,1.0,1.0,0.0,0.0,0.0,0.9208,0.0,5.567600000176753,0.0
recursive,dense,5,1,q_0096,monster,1.0,1.0,1.0,1.0,0.0,0.0,0.0,0.9208,0.0,5.567600000176753,0.0
recursive,dense,10,1,q_0096,monster,1.0,1.0,1.0,1.0,0.0,0.0,0.0,0.9208,0.0,5.567600000176753,0.0
recursive,dense,20,1,q_0096,monster,1.0,1.0,1.0,1.0,0.0,0.0,0.0,0.9208,0.0,5.567600000176753,0.0
recursive,dense,1,1,q_0097,monster,0.0,0.3333333333333333,0.0,0.0,0.0,0.0,0.0,0.9208,0.0,9.606800000256044,0.0
recursive,dense,3,1,q_0097,monster,1.0,0.3333333333333333,0.5,1.0,0.0,0.0,0.0,0.9208,0.0,9.606800000256044,0.0
recursive,dense,5,1,q_0097,monster,1.0,0.3333333333333333,0.5,1.0,0.0,0.0,0.0,0.9208,0.0,9.606800000256044,0.0
recursive,dense,10,1,q_0097,monster,1.0,0.3333333333333333,0.5,1.0,0.0,0.0,0.0,0.9208,0.0,9.606800000256044,0.0
recursive,dense,20,1,q_0097,monster,1.0,0.3333333333333333,0.5,1.0,0.0,0.0,0.0,0.9208,0.0,9.606800000256044,0.0
recursive,dense,1,1,q_0098,monster,1.0,1.0,1.0,1.0,0.0,0.0,0.0,0.9208,0.0,13.998999999785156,0.0
recursive,dense,3,1,q_0098,monster,1.0,1.0,1.0,1.0,0.0,0.0,0.0,0.9208,0.0,13.998999999785156,0.0
recursive,dense,5,1,q_0098,monster,1.0,1.0,1.0,1.0,0.0,0.0,0.0,0.9208,0.0,13.998999999785156,0.0
recursive,dense,10,1,q_0098,monster,1.0,1.0,1.0,1.0,0.0,0.0,0.0,0.9208,0.0,13.998999999785156,0.0
recursive,dense,20,1,q_0098,monster,1.0,1.0,1.0,1.0,0.0,0.0,0.0,0.9208,0.0,13.998999999785156,0.0
recursive,dense,1,1,q_0099,monster,1.0,1.0,1.0,1.0,0.0,0.0,0.0,0.9208,0.0,7.054700000480807,0.0
recursive,dense,3,1,q_0099,monster,1.0,1.0,1.0,1.0,0.0,0.0,0.0,0.9208,0.0,7.054700000480807,0.0
recursive,dense,5,1,q_0099,monster,1.0,1.0,1.0,1.0,0.0,0.0,0.0,0.9208,0.0,7.054700000480807,0.0
recursive,dense,10,1,q_0099,monster,1.0,1.0,1.0,1.0,0.0,0.0,0.0,0.9208,0.0,7.054700000480807,0.0
recursive,dense,20,1,q_0099,monster,1.0,1.0,1.0,1.0,0.0,0.0,0.0,0.9208,0.0,7.054700000480807,0.0
recursive,dense,1,1,q_0100,monster,1.0,1.0,1.0,1.0,0.0,0.0,0.0,0.9208,0.0,7.512099999985367,0.0
recursive,dense,3,1,q_0100,monster,1.0,1.0,1.0,1.0,0.0,0.0,0.0,0.9208,0.0,7.512099999985367,0.0
recursive,dense,5,1,q_0100,monster,1.0,1.0,1.0,1.0,0.0,0.0,0.0,0.9208,0.0,7.512099999985367,0.0
recursive,dense,10,1,q_0100,monster,1.0,1.0,1.0,1.0,0.0,0.0,0.0,0.9208,0.0,7.512099999985367,0.0
recursive,dense,20,1,q_0100,monster,1.0,1.0,1.0,1.0,0.0,0.0,0.0,0.9208,0.0,7.512099999985367,0.0
recursive,dense,1,1,q_0101,monster,1.0,1.0,1.0,1.0,0.0,0.0,0.0,0.9208,0.0,8.37370000044757,0.0
recursive,dense,3,1,q_0101,monster,1.0,1.0,1.0,1.0,0.0,0.0,0.0,0.9208,0.0,8.37370000044757,0.0
recursive,dense,5,1,q_0101,monster,1.0,1.0,1.0,1.0,0.0,0.0,0.0,0.9208,0.0,8.37370000044757,0.0
recursive,dense,10,1,q_0101,monster,1.0,1.0,1.0,1.0,0.0,0.0,0.0,0.9208,0.0,8.37370000044757,0.0
recursive,dense,20,1,q_0101,monster,1.0,1.0,1.0,1.0,0.0,0.0,0.0,0.9208,0.0,8.37370000044757,0.0
recursive,dense,1,1,q_0106,numeric,1.0,1.0,1.0,1.0,0.0,0.0,0.0,0.9208,0.0,13.028100000155973,0.0
recursive,dense,3,1,q_0106,numeric,1.0,1.0,1.0,1.0,0.0,0.0,0.0,0.9208,0.0,13.028100000155973,0.0
recursive,dense,5,1,q_0106,numeric,1.0,1.0,1.0,1.0,0.0,0.0,0.0,0.9208,0.0,13.028100000155973,0.0
recursive,dense,10,1,q_0106,numeric,1.0,1.0,1.0,1.0,0.0,0.0,0.0,0.9208,0.0,13.028100000155973,0.0
recursive,dense,20,1,q_0106,numeric,1.0,1.0,0.6970708024875429,1.0,0.0,0.0,0.0,0.9208,0.0,13.028100000155973,0.0
recursive,dense,1,1,q_0107,numeric,1.0,1.0,1.0,1.0,0.0,0.0,0.0,0.9208,0.0,11.30120000016177,0.0
recursive,dense,3,1,q_0107,numeric,1.0,1.0,1.0,1.0,0.0,0.0,0.0,0.9208,0.0,11.30120000016177,0.0
recursive,dense,5,1,q_0107,numeric,1.0,1.0,1.0,1.0,0.0,0.0,0.0,0.9208,0.0,11.30120000016177,0.0
recursive,dense,10,1,q_0107,numeric,1.0,1.0,1.0,1.0,0.0,0.0,0.0,0.9208,0.0,11.30120000016177,0.0
recursive,dense,20,1,q_0107,numeric,1.0,1.0,1.0,1.0,0.0,0.0,0.0,0.9208,0.0,11.30120000016177,0.0
recursive,dense,1,1,q_0108,numeric,1.0,1.0,1.0,1.0,0.0,0.0,0.0,0.9208,0.0,6.7686000002140645,0.0
recursive,dense,3,1,q_0108,numeric,1.0,1.0,1.0,1.0,0.0,0.0,0.0,0.9208,0.0,6.7686000002140645,0.0
recursive,dense,5,1,q_0108,numeric,1.0,1.0,1.0,1.0,0.0,0.0,0.0,0.9208,0.0,6.7686000002140645,0.0
recursive,dense,10,1,q_0108,numeric,1.0,1.0,1.0,1.0,0.0,0.0,0.0,0.9208,0.0,6.7686000002140645,0.0
recursive,dense,20,1,q_0108,numeric,1.0,1.0,1.0,1.0,0.0,0.0,0.0,0.9208,0.0,6.7686000002140645,0.0
recursive,dense,1,1,q_0109,numeric,1.0,1.0,1.0,1.0,0.0,0.0,0.0,0.9208,0.0,11.194499999874097,0.0
recursive,dense,3,1,q_0109,numeric,1.0,1.0,1.0,1.0,0.0,0.0,0.0,0.9208,0.0,11.194499999874097,0.0
recursive,dense,5,1,q_0109,numeric,1.0,1.0,1.0,1.0,0.0,0.0,0.0,0.9208,0.0,11.194499999874097,0.0
recursive,dense,10,1,q_0109,numeric,1.0,1.0,0.8175295903539445,1.0,0.0,0.0,0.0,0.9208,0.0,11.194499999874097,0.0
recursive,dense,20,1,q_0109,numeric,1.0,1.0,0.8175295903539445,1.0,0.0,0.0,0.0,0.9208,0.0,11.194499999874097,0.0
recursive,dense,1,1,q_0110,numeric,1.0,1.0,1.0,1.0,0.0,0.0,0.0,0.9208,0.0,6.533599999784201,0.0
recursive,dense,3,1,q_0110,numeric,1.0,1.0,1.0,1.0,0.0,0.0,0.0,0.9208,0.0,6.533599999784201,0.0
recursive,dense,5,1,q_0110,numeric,1.0,1.0,1.0,1.0,0.0,0.0,0.0,0.9208,0.0,6.533599999784201,0.0
recursive,dense,10,1,q_0110,numeric,1.0,1.0,1.0,1.0,0.0,0.0,0.0,0.9208,0.0,6.533599999784201,0.0
recursive,dense,20,1,q_0110,numeric,1.0,1.0,1.0,1.0,0.0,0.0,0.0,0.9208,0.0,6.533599999784201,0.0
recursive,dense,1,1,q_0111,distractor,0.0,0.0,0.0,0.0,0.0,0.0,0.0,0.9208,0.0,1343.2174999998097,0.0
recursive,dense,3,1,q_0111,distractor,0.0,0.0,0.0,0.0,0.0,0.0,0.0,0.9208,0.0,1343.2174999998097,0.0
recursive,dense,5,1,q_0111,distractor,0.0,0.0,0.0,0.0,0.0,0.0,0.0,0.9208,0.0,1343.2174999998097,0.0
recursive,dense,10,1,q_0111,distractor,0.0,0.0,0.0,0.0,0.0,0.0,0.0,0.9208,0.0,1343.2174999998097,0.0
recursive,dense,20,1,q_0111,distractor,0.0,0.0,0.0,0.0,0.0,0.0,0.0,0.9208,0.0,1343.2174999998097,0.0
recursive,dense,1,1,q_0112,distractor,0.0,0.0,0.0,0.0,0.0,0.0,0.0,0.9208,0.0,171.9708000000537,0.0
recursive,dense,3,1,q_0112,distractor,0.0,0.0,0.0,0.0,0.0,0.0,0.0,0.9208,0.0,171.9708000000537,0.0
recursive,dense,5,1,q_0112,distractor,0.0,0.0,0.0,0.0,0.0,0.0,0.0,0.9208,0.0,171.9708000000537,0.0
recursive,dense,10,1,q_0112,distractor,0.0,0.0,0.0,0.0,0.0,0.0,0.0,0.9208,0.0,171.9708000000537,0.0
recursive,dense,20,1,q_0112,distractor,0.0,0.0,0.0,0.0,0.0,0.0,0.0,0.9208,0.0,171.9708000000537,0.0
recursive,dense,1,1,q_0113,distractor,0.0,0.0,0.0,0.0,0.0,0.0,0.0,0.9208,0.0,1041.9869000006656,0.0
recursive,dense,3,1,q_0113,distractor,0.0,0.0,0.0,0.0,0.0,0.0,0.0,0.9208,0.0,1041.9869000006656,0.0
recursive,dense,5,1,q_0113,distractor,0.0,0.0,0.0,0.0,0.0,0.0,0.0,0.9208,0.0,1041.9869000006656,0.0
recursive,dense,10,1,q_0113,distractor,0.0,0.0,0.0,0.0,0.0,0.0,0.0,0.9208,0.0,1041.9869000006656,0.0
recursive,dense,20,1,q_0113,distractor,0.0,0.0,0.0,0.0,0.0,0.0,0.0,0.9208,0.0,1041.9869000006656,0.0
recursive,dense,1,1,q_0114,distractor,0.0,0.0,0.0,0.0,0.0,0.0,0.0,0.9208,0.0,185.08210000072722,0.0
recursive,dense,3,1,q_0114,distractor,0.0,0.0,0.0,0.0,0.0,0.0,0.0,0.9208,0.0,185.08210000072722,0.0
recursive,dense,5,1,q_0114,distractor,0.0,0.0,0.0,0.0,0.0,0.0,0.0,0.9208,0.0,185.08210000072722,0.0
recursive,dense,10,1,q_0114,distractor,0.0,0.0,0.0,0.0,0.0,0.0,0.0,0.9208,0.0,185.08210000072722,0.0
recursive,dense,20,1,q_0114,distractor,0.0,0.0,0.0,0.0,0.0,0.0,0.0,0.9208,0.0,185.08210000072722,0.0
recursive,dense,1,1,q_0115,distractor,0.0,0.0,0.0,0.0,0.0,0.0,0.0,0.9208,0.0,160.98049999982322,0.0
recursive,dense,3,1,q_0115,distractor,0.0,0.0,0.0,0.0,0.0,0.0,0.0,0.9208,0.0,160.98049999982322,0.0
recursive,dense,5,1,q_0115,distractor,0.0,0.0,0.0,0.0,0.0,0.0,0.0,0.9208,0.0,160.98049999982322,0.0
recursive,dense,10,1,q_0115,distractor,0.0,0.0,0.0,0.0,0.0,0.0,0.0,0.9208,0.0,160.98049999982322,0.0
recursive,dense,20,1,q_0115,distractor,0.0,0.0,0.0,0.0,0.0,0.0,0.0,0.9208,0.0,160.98049999982322,0.0
recursive,dense,1,1,q_0116,distractor,0.0,0.0,0.0,0.0,0.0,0.0,0.0,0.9208,0.0,174.31800000031217,0.0
recursive,dense,3,1,q_0116,distractor,0.0,0.0,0.0,0.0,0.0,0.0,0.0,0.9208,0.0,174.31800000031217,0.0
recursive,dense,5,1,q_0116,distractor,0.0,0.0,0.0,0.0,0.0,0.0,0.0,0.9208,0.0,174.31800000031217,0.0
recursive,dense,10,1,q_0116,distractor,0.0,0.0,0.0,0.0,0.0,0.0,0.0,0.9208,0.0,174.31800000031217,0.0
recursive,dense,20,1,q_0116,distractor,0.0,0.0,0.0,0.0,0.0,0.0,0.0,0.9208,0.0,174.31800000031217,0.0
recursive,dense,1,1,q_0117,distractor,0.0,0.0,0.0,0.0,0.0,0.0,0.0,0.9208,0.0,153.21570000014617,0.0
recursive,dense,3,1,q_0117,distractor,0.0,0.0,0.0,0.0,0.0,0.0,0.0,0.9208,0.0,153.21570000014617,0.0
recursive,dense,5,1,q_0117,distractor,0.0,0.0,0.0,0.0,0.0,0.0,0.0,0.9208,0.0,153.21570000014617,0.0
recursive,dense,10,1,q_0117,distractor,0.0,0.0,0.0,0.0,0.0,0.0,0.0,0.9208,0.0,153.21570000014617,0.0
recursive,dense,20,1,q_0117,distractor,0.0,0.0,0.0,0.0,0.0,0.0,0.0,0.9208,0.0,153.21570000014617,0.0
recursive,dense,1,1,q_0118,distractor,0.0,0.0,0.0,0.0,0.0,0.0,0.0,0.9208,0.0,281.46689999994123,0.0
recursive,dense,3,1,q_0118,distractor,0.0,0.0,0.0,0.0,0.0,0.0,0.0,0.9208,0.0,281.46689999994123,0.0
recursive,dense,5,1,q_0118,distractor,0.0,0.0,0.0,0.0,0.0,0.0,0.0,0.9208,0.0,281.46689999994123,0.0
recursive,dense,10,1,q_0118,distractor,0.0,0.0,0.0,0.0,0.0,0.0,0.0,0.9208,0.0,281.46689999994123,0.0
recursive,dense,20,1,q_0118,distractor,0.0,0.0,0.0,0.0,0.0,0.0,0.0,0.9208,0.0,281.46689999994123,0.0
recursive,dense,1,1,q_0119,distractor,0.0,0.0,0.0,0.0,0.0,0.0,0.0,0.9208,0.0,174.81769999994867,0.0
recursive,dense,3,1,q_0119,distractor,0.0,0.0,0.0,0.0,0.0,0.0,0.0,0.9208,0.0,174.81769999994867,0.0
recursive,dense,5,1,q_0119,distractor,0.0,0.0,0.0,0.0,0.0,0.0,0.0,0.9208,0.0,174.81769999994867,0.0
recursive,dense,10,1,q_0119,distractor,0.0,0.0,0.0,0.0,0.0,0.0,0.0,0.9208,0.0,174.81769999994867,0.0
recursive,dense,20,1,q_0119,distractor,0.0,0.0,0.0,0.0,0.0,0.0,0.0,0.9208,0.0,174.81769999994867,0.0
recursive,dense,1,1,q_0120,distractor,0.0,0.0,0.0,0.0,0.0,0.0,0.0,0.9208,0.0,390.5040999998164,0.0
recursive,dense,3,1,q_0120,distractor,0.0,0.0,0.0,0.0,0.0,0.0,0.0,0.9208,0.0,390.5040999998164,0.0
recursive,dense,5,1,q_0120,distractor,0.0,0.0,0.0,0.0,0.0,0.0,0.0,0.9208,0.0,390.5040999998164,0.0
recursive,dense,10,1,q_0120,distractor,0.0,0.0,0.0,0.0,0.0,0.0,0.0,0.9208,0.0,390.5040999998164,0.0
recursive,dense,20,1,q_0120,distractor,0.0,0.0,0.0,0.0,0.0,0.0,0.0,0.9208,0.0,390.5040999998164,0.0
markdown_hierarchical,dense,1,1,q_0001,lore,1.0,1.0,1.0,1.0,0.0,0.0,0.0,0.9584,0.0,18.317400000341877,0.0
markdown_hierarchical,dense,3,1,q_0001,lore,1.0,1.0,1.0,1.0,0.0,0.0,0.0,0.9584,0.0,18.317400000341877,0.0
markdown_hierarchical,dense,5,1,q_0001,lore,1.0,1.0,1.0,1.0,0.0,0.0,0.0,0.9584,0.0,18.317400000341877,0.0
markdown_hierarchical,dense,10,1,q_0001,lore,1.0,1.0,0.9447176050778178,1.0,0.0,0.0,0.0,0.9584,0.0,18.317400000341877,0.0
markdown_hierarchical,dense,20,1,q_0001,lore,1.0,1.0,0.8809850219342803,1.0,0.0,0.0,0.0,0.9584,0.0,18.317400000341877,0.0
markdown_hierarchical,dense,1,1,q_0004,lore,0.0,0.16666666666666666,0.0,0.0,0.0,0.0,0.0,0.9584,0.0,15.75440000033268,0.0
markdown_hierarchical,dense,3,1,q_0004,lore,0.0,0.16666666666666666,0.0,0.0,0.0,0.0,0.0,0.9584,0.0,15.75440000033268,0.0
markdown_hierarchical,dense,5,1,q_0004,lore,0.0,0.16666666666666666,0.0,0.0,0.0,0.0,0.0,0.9584,0.0,15.75440000033268,0.0
markdown_hierarchical,dense,10,1,q_0004,lore,1.0,0.16666666666666666,0.3562071871080222,1.0,0.0,0.0,0.0,0.9584,0.0,15.75440000033268,0.0
markdown_hierarchical,dense,20,1,q_0004,lore,1.0,0.16666666666666666,0.3562071871080222,1.0,0.0,0.0,0.0,0.9584,0.0,15.75440000033268,0.0
markdown_hierarchical,dense,1,1,q_0005,lore,1.0,1.0,1.0,1.0,0.0,0.0,0.0,0.9584,0.0,19.710200000190525,0.0
markdown_hierarchical,dense,3,1,q_0005,lore,1.0,1.0,1.0,1.0,0.0,0.0,0.0,0.9584,0.0,19.710200000190525,0.0
markdown_hierarchical,dense,5,1,q_0005,lore,1.0,1.0,1.0,1.0,0.0,0.0,0.0,0.9584,0.0,19.710200000190525,0.0
markdown_hierarchical,dense,10,1,q_0005,lore,1.0,1.0,1.0,1.0,0.0,0.0,0.0,0.9584,0.0,19.710200000190525,0.0
markdown_hierarchical,dense,20,1,q_0005,lore,1.0,1.0,1.0,1.0,0.0,0.0,0.0,0.9584,0.0,19.710200000190525,0.0
markdown_hierarchical,dense,1,1,q_0006,lore,1.0,1.0,1.0,1.0,0.0,0.0,0.0,0.9584,0.0,13.700500000595639,0.0
markdown_hierarchical,dense,3,1,q_0006,lore,1.0,1.0,1.0,1.0,0.0,0.0,0.0,0.9584,0.0,13.700500000595639,0.0
markdown_hierarchical,dense,5,1,q_0006,lore,1.0,1.0,1.0,1.0,0.0,0.0,0.0,0.9584,0.0,13.700500000595639,0.0
markdown_hierarchical,dense,10,1,q_0006,lore,1.0,1.0,1.0,1.0,0.0,0.0,0.0,0.9584,0.0,13.700500000595639,0.0
markdown_hierarchical,dense,20,1,q_0006,lore,1.0,1.0,1.0,1.0,0.0,0.0,0.0,0.9584,0.0,13.700500000595639,0.0
markdown_hierarchical,dense,1,1,q_0007,lore,0.0,0.14285714285714285,0.0,0.0,0.0,0.0,0.0,0.9584,0.0,20.90390000012121,0.0
markdown_hierarchical,dense,3,1,q_0007,lore,0.0,0.14285714285714285,0.0,0.0,0.0,0.0,0.0,0.9584,0.0,20.90390000012121,0.0
markdown_hierarchical,dense,5,1,q_0007,lore,0.0,0.14285714285714285,0.0,0.0,0.0,0.0,0.0,0.9584,0.0,20.90390000012121,0.0
markdown_hierarchical,dense,10,1,q_0007,lore,1.0,0.14285714285714285,0.3333333333333333,1.0,0.0,0.0,0.0,0.9584,0.0,20.90390000012121,0.0
markdown_hierarchical,dense,20,1,q_0007,lore,1.0,0.14285714285714285,0.3333333333333333,1.0,0.0,0.0,0.0,0.9584,0.0,20.90390000012121,0.0
markdown_hierarchical,dense,1,1,q_0008,lore,0.0,0.2,0.0,0.0,0.0,0.0,0.0,0.9584,0.0,16.487599999891245,0.0
markdown_hierarchical,dense,3,1,q_0008,lore,0.0,0.2,0.0,0.0,0.0,0.0,0.0,0.9584,0.0,16.487599999891245,0.0
markdown_hierarchical,dense,5,1,q_0008,lore,1.0,0.2,0.38685280723454163,1.0,0.0,0.0,0.0,0.9584,0.0,16.487599999891245,0.0
markdown_hierarchical,dense,10,1,q_0008,lore,1.0,0.2,0.38685280723454163,1.0,0.0,0.0,0.0,0.9584,0.0,16.487599999891245,0.0
markdown_hierarchical,dense,20,1,q_0008,lore,1.0,0.2,0.38685280723454163,1.0,0.0,0.0,0.0,0.9584,0.0,16.487599999891245,0.0
markdown_hierarchical,dense,1,1,q_0009,lore,0.0,0.0,0.0,0.0,0.0,0.0,0.0,0.9584,0.0,17.14209999954619,0.0
markdown_hierarchical,dense,3,1,q_0009,lore,0.0,0.0,0.0,0.0,0.0,0.0,0.0,0.9584,0.0,17.14209999954619,0.0
markdown_hierarchical,dense,5,1,q_0009,lore,0.0,0.0,0.0,0.0,0.0,0.0,0.0,0.9584,0.0,17.14209999954619,0.0
markdown_hierarchical,dense,10,1,q_0009,lore,0.0,0.0,0.0,0.0,0.0,0.0,0.0,0.9584,0.0,17.14209999954619,0.0
markdown_hierarchical,dense,20,1,q_0009,lore,0.0,0.0,0.0,0.0,0.0,0.0,0.0,0.9584,0.0,17.14209999954619,0.0
markdown_hierarchical,dense,1,1,q_0010,lore,1.0,1.0,1.0,1.0,0.0,0.0,0.0,0.9584,0.0,14.881600000080653,0.0
markdown_hierarchical,dense,3,1,q_0010,lore,1.0,1.0,0.9197207891481876,1.0,0.0,0.0,0.0,0.9584,0.0,14.881600000080653,0.0
markdown_hierarchical,dense,5,1,q_0010,lore,1.0,1.0,0.9060254355346823,1.0,0.0,0.0,0.0,0.9584,0.0,14.881600000080653,0.0
markdown_hierarchical,dense,10,1,q_0010,lore,1.0,1.0,0.9060254355346823,1.0,0.0,0.0,0.0,0.9584,0.0,14.881600000080653,0.0
markdown_hierarchical,dense,20,1,q_0010,lore,1.0,1.0,0.9060254355346823,1.0,0.0,0.0,0.0,0.9584,0.0,14.881600000080653,0.0
markdown_hierarchical,dense,1,1,q_0011,lore,1.0,1.0,1.0,1.0,0.0,0.0,0.0,0.9584,0.0,13.615999999274209,0.0
markdown_hierarchical,dense,3,1,q_0011,lore,1.0,1.0,1.0,1.0,0.0,0.0,0.0,0.9584,0.0,13.615999999274209,0.0
markdown_hierarchical,dense,5,1,q_0011,lore,1.0,1.0,1.0,1.0,0.0,0.0,0.0,0.9584,0.0,13.615999999274209,0.0
markdown_hierarchical,dense,10,1,q_0011,lore,1.0,1.0,1.0,1.0,0.0,0.0,0.0,0.9584,0.0,13.615999999274209,0.0
markdown_hierarchical,dense,20,1,q_0011,lore,1.0,1.0,1.0,1.0,0.0,0.0,0.0,0.9584,0.0,13.615999999274209,0.0
markdown_hierarchical,dense,1,1,q_0012,lore,1.0,1.0,1.0,1.0,0.0,0.0,0.0,0.9584,0.0,15.349700000115263,0.0
markdown_hierarchical,dense,3,1,q_0012,lore,1.0,1.0,1.0,1.0,0.0,0.0,0.0,0.9584,0.0,15.349700000115263,0.0
markdown_hierarchical,dense,5,1,q_0012,lore,1.0,1.0,1.0,1.0,0.0,0.0,0.0,0.9584,0.0,15.349700000115263,0.0
markdown_hierarchical,dense,10,1,q_0012,lore,1.0,1.0,0.9217868789962071,1.0,0.0,0.0,0.0,0.9584,0.0,15.349700000115263,0.0
markdown_hierarchical,dense,20,1,q_0012,lore,1.0,1.0,0.8343454933903618,1.0,0.0,0.0,0.0,0.9584,0.0,15.349700000115263,0.0
markdown_hierarchical,dense,1,1,q_0013,lore,1.0,1.0,1.0,1.0,0.0,0.0,0.0,0.9584,0.0,13.802800000121351,0.0
markdown_hierarchical,dense,3,1,q_0013,lore,1.0,1.0,1.0,1.0,0.0,0.0,0.0,0.9584,0.0,13.802800000121351,0.0
markdown_hierarchical,dense,5,1,q_0013,lore,1.0,1.0,1.0,1.0,0.0,0.0,0.0,0.9584,0.0,13.802800000121351,0.0
markdown_hierarchical,dense,10,1,q_0013,lore,1.0,1.0,0.9409528262193452,1.0,0.0,0.0,0.0,0.9584,0.0,13.802800000121351,0.0
markdown_hierarchical,dense,20,1,q_0013,lore,1.0,1.0,0.9082953189186402,1.0,0.0,0.0,0.0,0.9584,0.0,13.802800000121351,0.0
markdown_hierarchical,dense,1,1,q_0014,lore,1.0,1.0,1.0,1.0,0.0,0.0,0.0,0.9584,0.0,9.413800000402262,0.0
markdown_hierarchical,dense,3,1,q_0014,lore,1.0,1.0,1.0,1.0,0.0,0.0,0.0,0.9584,0.0,9.413800000402262,0.0
markdown_hierarchical,dense,5,1,q_0014,lore,1.0,1.0,1.0,1.0,0.0,0.0,0.0,0.9584,0.0,9.413800000402262,0.0
markdown_hierarchical,dense,10,1,q_0014,lore,1.0,1.0,1.0,1.0,0.0,0.0,0.0,0.9584,0.0,9.413800000402262,0.0
markdown_hierarchical,dense,20,1,q_0014,lore,1.0,1.0,1.0,1.0,0.0,0.0,0.0,0.9584,0.0,9.413800000402262,0.0
markdown_hierarchical,dense,1,1,q_0016,lore,0.0,0.25,0.0,0.0,0.0,0.0,0.0,0.9584,0.0,16.024800000195683,0.0
markdown_hierarchical,dense,3,1,q_0016,lore,0.0,0.25,0.0,0.0,0.0,0.0,0.0,0.9584,0.0,16.024800000195683,0.0
markdown_hierarchical,dense,5,1,q_0016,lore,1.0,0.25,0.43067655807339306,1.0,0.0,0.0,0.0,0.9584,0.0,16.024800000195683,0.0
markdown_hierarchical,dense,10,1,q_0016,lore,1.0,0.25,0.43067655807339306,1.0,0.0,0.0,0.0,0.9584,0.0,16.024800000195683,0.0
markdown_hierarchical,dense,20,1,q_0016,lore,1.0,0.25,0.43067655807339306,1.0,0.0,0.0,0.0,0.9584,0.0,16.024800000195683,0.0
markdown_hierarchical,dense,1,1,q_0017,lore,0.0,0.0,0.0,0.0,0.0,0.0,0.0,0.9584,0.0,13.444200000776618,0.0
markdown_hierarchical,dense,3,1,q_0017,lore,0.0,0.0,0.0,0.0,0.0,0.0,0.0,0.9584,0.0,13.444200000776618,0.0
markdown_hierarchical,dense,5,1,q_0017,lore,0.0,0.0,0.0,0.0,0.0,0.0,0.0,0.9584,0.0,13.444200000776618,0.0
markdown_hierarchical,dense,10,1,q_0017,lore,0.0,0.0,0.0,0.0,0.0,0.0,0.0,0.9584,0.0,13.444200000776618,0.0
markdown_hierarchical,dense,20,1,q_0017,lore,0.0,0.0,0.0,0.0,0.0,0.0,0.0,0.9584,0.0,13.444200000776618,0.0
markdown_hierarchical,dense,1,1,q_0018,lore,0.0,0.0,0.0,0.0,0.0,0.0,0.0,0.9584,0.0,19.94379999996454,0.0
markdown_hierarchical,dense,3,1,q_0018,lore,0.0,0.0,0.0,0.0,0.0,0.0,0.0,0.9584,0.0,19.94379999996454,0.0
markdown_hierarchical,dense,5,1,q_0018,lore,0.0,0.0,0.0,0.0,0.0,0.0,0.0,0.9584,0.0,19.94379999996454,0.0
markdown_hierarchical,dense,10,1,q_0018,lore,0.0,0.0,0.0,0.0,0.0,0.0,0.0,0.9584,0.0,19.94379999996454,0.0
markdown_hierarchical,dense,20,1,q_0018,lore,0.0,0.0,0.0,0.0,0.0,0.0,0.0,0.9584,0.0,19.94379999996454,0.0
markdown_hierarchical,dense,1,1,q_0019,lore,1.0,1.0,1.0,1.0,0.0,0.0,0.0,0.9584,0.0,12.03570000052423,0.0
markdown_hierarchical,dense,3,1,q_0019,lore,1.0,1.0,1.0,1.0,0.0,0.0,0.0,0.9584,0.0,12.03570000052423,0.0
markdown_hierarchical,dense,5,1,q_0019,lore,1.0,1.0,1.0,1.0,0.0,0.0,0.0,0.9584,0.0,12.03570000052423,0.0
markdown_hierarchical,dense,10,1,q_0019,lore,1.0,1.0,1.0,1.0,0.0,0.0,0.0,0.9584,0.0,12.03570000052423,0.0
markdown_hierarchical,dense,20,1,q_0019,lore,1.0,1.0,1.0,1.0,0.0,0.0,0.0,0.9584,0.0,12.03570000052423,0.0
markdown_hierarchical,dense,1,1,q_0020,lore,1.0,1.0,1.0,1.0,0.0,0.0,0.0,0.9584,0.0,12.268800000128977,0.0
markdown_hierarchical,dense,3,1,q_0020,lore,1.0,1.0,1.0,1.0,0.0,0.0,0.0,0.9584,0.0,12.268800000128977,0.0
markdown_hierarchical,dense,5,1,q_0020,lore,1.0,1.0,1.0,1.0,0.0,0.0,0.0,0.9584,0.0,12.268800000128977,0.0
markdown_hierarchical,dense,10,1,q_0020,lore,1.0,1.0,1.0,1.0,0.0,0.0,0.0,0.9584,0.0,12.268800000128977,0.0
markdown_hierarchical,dense,20,1,q_0020,lore,1.0,1.0,1.0,1.0,0.0,0.0,0.0,0.9584,0.0,12.268800000128977,0.0
markdown_hierarchical,dense,1,1,q_0021,lore,1.0,1.0,1.0,1.0,0.0,0.0,0.0,0.9584,0.0,12.58510000025126,0.0
markdown_hierarchical,dense,3,1,q_0021,lore,1.0,1.0,1.0,1.0,0.0,0.0,0.0,0.9584,0.0,12.58510000025126,0.0
markdown_hierarchical,dense,5,1,q_0021,lore,1.0,1.0,1.0,1.0,0.0,0.0,0.0,0.9584,0.0,12.58510000025126,0.0
markdown_hierarchical,dense,10,1,q_0021,lore,1.0,1.0,1.0,1.0,0.0,0.0,0.0,0.9584,0.0,12.58510000025126,0.0
markdown_hierarchical,dense,20,1,q_0021,lore,1.0,1.0,1.0,1.0,0.0,0.0,0.0,0.9584,0.0,12.58510000025126,0.0
markdown_hierarchical,dense,1,1,q_0022,lore,1.0,1.0,1.0,1.0,0.0,0.0,0.0,0.9584,0.0,6.008299999848532,0.0
markdown_hierarchical,dense,3,1,q_0022,lore,1.0,1.0,1.0,1.0,0.0,0.0,0.0,0.9584,0.0,6.008299999848532,0.0
markdown_hierarchical,dense,5,1,q_0022,lore,1.0,1.0,1.0,1.0,0.0,0.0,0.0,0.9584,0.0,6.008299999848532,0.0
markdown_hierarchical,dense,10,1,q_0022,lore,1.0,1.0,0.7585866543655181,1.0,0.0,0.0,0.0,0.9584,0.0,6.008299999848532,0.0
markdown_hierarchical,dense,20,1,q_0022,lore,1.0,1.0,0.720306731067145,1.0,0.0,0.0,0.0,0.9584,0.0,6.008299999848532,0.0
markdown_hierarchical,dense,1,1,q_0023,lore,1.0,1.0,1.0,1.0,0.0,0.0,0.0,0.9584,0.0,9.232200000042212,0.0
markdown_hierarchical,dense,3,1,q_0023,lore,1.0,1.0,1.0,1.0,0.0,0.0,0.0,0.9584,0.0,9.232200000042212,0.0
markdown_hierarchical,dense,5,1,q_0023,lore,1.0,1.0,1.0,1.0,0.0,0.0,0.0,0.9584,0.0,9.232200000042212,0.0
markdown_hierarchical,dense,10,1,q_0023,lore,1.0,1.0,1.0,1.0,0.0,0.0,0.0,0.9584,0.0,9.232200000042212,0.0
markdown_hierarchical,dense,20,1,q_0023,lore,1.0,1.0,1.0,1.0,0.0,0.0,0.0,0.9584,0.0,9.232200000042212,0.0
markdown_hierarchical,dense,1,1,q_0024,lore,0.0,0.5,0.0,0.0,0.0,0.0,0.0,0.9584,0.0,13.76559999971505,0.0
markdown_hierarchical,dense,3,1,q_0024,lore,1.0,0.5,0.6309297535714575,1.0,0.0,0.0,0.0,0.9584,0.0,13.76559999971505,0.0
markdown_hierarchical,dense,5,1,q_0024,lore,1.0,0.5,0.6309297535714575,1.0,0.0,0.0,0.0,0.9584,0.0,13.76559999971505,0.0
markdown_hierarchical,dense,10,1,q_0024,lore,1.0,0.5,0.6309297535714575,1.0,0.0,0.0,0.0,0.9584,0.0,13.76559999971505,0.0
markdown_hierarchical,dense,20,1,q_0024,lore,1.0,0.5,0.6309297535714575,1.0,0.0,0.0,0.0,0.9584,0.0,13.76559999971505,0.0
markdown_hierarchical,dense,1,1,q_0025,lore,1.0,1.0,1.0,1.0,0.0,0.0,0.0,0.9584,0.0,7.347499999923457,0.0
markdown_hierarchical,dense,3,1,q_0025,lore,1.0,1.0,1.0,1.0,0.0,0.0,0.0,0.9584,0.0,7.347499999923457,0.0
markdown_hierarchical,dense,5,1,q_0025,lore,1.0,1.0,1.0,1.0,0.0,0.0,0.0,0.9584,0.0,7.347499999923457,0.0
markdown_hierarchical,dense,10,1,q_0025,lore,1.0,1.0,1.0,1.0,0.0,0.0,0.0,0.9584,0.0,7.347499999923457,0.0
markdown_hierarchical,dense,20,1,q_0025,lore,1.0,1.0,1.0,1.0,0.0,0.0,0.0,0.9584,0.0,7.347499999923457,0.0
markdown_hierarchical,dense,1,1,q_0026,lore,1.0,1.0,1.0,1.0,0.0,0.0,0.0,0.9584,0.0,9.949899999810441,0.0
markdown_hierarchical,dense,3,1,q_0026,lore,1.0,1.0,1.0,1.0,0.0,0.0,0.0,0.9584,0.0,9.949899999810441,0.0
markdown_hierarchical,dense,5,1,q_0026,lore,1.0,1.0,1.0,1.0,0.0,0.0,0.0,0.9584,0.0,9.949899999810441,0.0
markdown_hierarchical,dense,10,1,q_0026,lore,1.0,1.0,1.0,1.0,0.0,0.0,0.0,0.9584,0.0,9.949899999810441,0.0
markdown_hierarchical,dense,20,1,q_0026,lore,1.0,1.0,1.0,1.0,0.0,0.0,0.0,0.9584,0.0,9.949899999810441,0.0
markdown_hierarchical,dense,1,1,q_0027,lore,0.0,0.14285714285714285,0.0,0.0,0.0,0.0,0.0,0.9584,0.0,10.771700000077544,0.0
markdown_hierarchical,dense,3,1,q_0027,lore,0.0,0.14285714285714285,0.0,0.0,0.0,0.0,0.0,0.9584,0.0,10.771700000077544,0.0
markdown_hierarchical,dense,5,1,q_0027,lore,0.0,0.14285714285714285,0.0,0.0,0.0,0.0,0.0,0.9584,0.0,10.771700000077544,0.0
markdown_hierarchical,dense,10,1,q_0027,lore,1.0,0.14285714285714285,0.3333333333333333,1.0,0.0,0.0,0.0,0.9584,0.0,10.771700000077544,0.0
markdown_hierarchical,dense,20,1,q_0027,lore,1.0,0.14285714285714285,0.3333333333333333,1.0,0.0,0.0,0.0,0.9584,0.0,10.771700000077544,0.0
markdown_hierarchical,dense,1,1,q_0028,lore,0.0,0.5,0.0,0.0,0.0,0.0,0.0,0.9584,0.0,6.550099999913073,0.0
markdown_hierarchical,dense,3,1,q_0028,lore,1.0,0.5,0.6309297535714575,1.0,0.0,0.0,0.0,0.9584,0.0,6.550099999913073,0.0
markdown_hierarchical,dense,5,1,q_0028,lore,1.0,0.5,0.6309297535714575,1.0,0.0,0.0,0.0,0.9584,0.0,6.550099999913073,0.0
markdown_hierarchical,dense,10,1,q_0028,lore,1.0,0.5,0.6309297535714575,1.0,0.0,0.0,0.0,0.9584,0.0,6.550099999913073,0.0
markdown_hierarchical,dense,20,1,q_0028,lore,1.0,0.5,0.6309297535714575,1.0,0.0,0.0,0.0,0.9584,0.0,6.550099999913073,0.0
markdown_hierarchical,dense,1,1,q_0029,mechanical,1.0,1.0,1.0,1.0,0.0,0.0,0.0,0.9584,0.0,16.069700000116427,0.0
markdown_hierarchical,dense,3,1,q_0029,mechanical,1.0,1.0,1.0,1.0,0.0,0.0,0.0,0.9584,0.0,16.069700000116427,0.0
markdown_hierarchical,dense,5,1,q_0029,mechanical,1.0,1.0,1.0,1.0,0.0,0.0,0.0,0.9584,0.0,16.069700000116427,0.0
markdown_hierarchical,dense,10,1,q_0029,mechanical,1.0,1.0,1.0,1.0,0.0,0.0,0.0,0.9584,0.0,16.069700000116427,0.0
markdown_hierarchical,dense,20,1,q_0029,mechanical,1.0,1.0,0.7574875071481796,1.0,0.0,0.0,0.0,0.9584,0.0,16.069700000116427,0.0
markdown_hierarchical,dense,1,1,q_0030,mechanical,0.0,0.5,0.0,0.0,0.0,0.0,0.0,0.9584,0.0,14.493299999230658,0.0
markdown_hierarchical,dense,3,1,q_0030,mechanical,1.0,0.5,0.6934264036172708,1.0,0.0,0.0,0.0,0.9584,0.0,14.493299999230658,0.0
markdown_hierarchical,dense,5,1,q_0030,mechanical,1.0,0.5,0.7606395682357036,1.0,0.0,0.0,0.0,0.9584,0.0,14.493299999230658,0.0
markdown_hierarchical,dense,10,1,q_0030,mechanical,1.0,0.5,0.8029580725803853,1.0,0.0,0.0,0.0,0.9584,0.0,14.493299999230658,0.0
markdown_hierarchical,dense,20,1,q_0030,mechanical,1.0,0.5,0.8036291182843065,1.0,0.0,0.0,0.0,0.9584,0.0,14.493299999230658,0.0
markdown_hierarchical,dense,1,1,q_0031,mechanical,1.0,1.0,1.0,1.0,0.0,0.0,0.0,0.9584,0.0,15.144499999223626,0.0
markdown_hierarchical,dense,3,1,q_0031,mechanical,1.0,1.0,1.0,1.0,0.0,0.0,0.0,0.9584,0.0,15.144499999223626,0.0
markdown_hierarchical,dense,5,1,q_0031,mechanical,1.0,1.0,1.0,1.0,0.0,0.0,0.0,0.9584,0.0,15.144499999223626,0.0
markdown_hierarchical,dense,10,1,q_0031,mechanical,1.0,1.0,1.0,1.0,0.0,0.0,0.0,0.9584,0.0,15.144499999223626,0.0
markdown_hierarchical,dense,20,1,q_0031,mechanical,1.0,1.0,1.0,1.0,0.0,0.0,0.0,0.9584,0.0,15.144499999223626,0.0
markdown_hierarchical,dense,1,1,q_0032,mechanical,1.0,1.0,1.0,1.0,0.0,0.0,0.0,0.9584,0.0,12.819300000046496,0.0
markdown_hierarchical,dense,3,1,q_0032,mechanical,1.0,1.0,1.0,1.0,0.0,0.0,0.0,0.9584,0.0,12.819300000046496,0.0
markdown_hierarchical,dense,5,1,q_0032,mechanical,1.0,1.0,1.0,1.0,0.0,0.0,0.0,0.9584,0.0,12.819300000046496,0.0
markdown_hierarchical,dense,10,1,q_0032,mechanical,1.0,1.0,1.0,1.0,0.0,0.0,0.0,0.9584,0.0,12.819300000046496,0.0
markdown_hierarchical,dense,20,1,q_0032,mechanical,1.0,1.0,1.0,1.0,0.0,0.0,0.0,0.9584,0.0,12.819300000046496,0.0
markdown_hierarchical,dense,1,1,q_0033,mechanical,1.0,1.0,1.0,1.0,0.0,0.0,0.0,0.9584,0.0,14.060999999855994,0.0
markdown_hierarchical,dense,3,1,q_0033,mechanical,1.0,1.0,1.0,1.0,0.0,0.0,0.0,0.9584,0.0,14.060999999855994,0.0
markdown_hierarchical,dense,5,1,q_0033,mechanical,1.0,1.0,0.8772153153380493,1.0,0.0,0.0,0.0,0.9584,0.0,14.060999999855994,0.0
markdown_hierarchical,dense,10,1,q_0033,mechanical,1.0,1.0,0.812653045383133,1.0,0.0,0.0,0.0,0.9584,0.0,14.060999999855994,0.0
markdown_hierarchical,dense,20,1,q_0033,mechanical,1.0,1.0,0.7646866401046519,1.0,0.0,0.0,0.0,0.9584,0.0,14.060999999855994,0.0
markdown_hierarchical,dense,1,1,q_0034,mechanical,0.0,0.2,0.0,0.0,0.0,0.0,0.0,0.9584,0.0,13.596200000392855,0.0
markdown_hierarchical,dense,3,1,q_0034,mechanical,0.0,0.2,0.0,0.0,0.0,0.0,0.0,0.9584,0.0,13.596200000392855,0.0
markdown_hierarchical,dense,5,1,q_0034,mechanical,1.0,0.2,0.38685280723454163,1.0,0.0,0.0,0.0,0.9584,0.0,13.596200000392855,0.0
markdown_hierarchical,dense,10,1,q_0034,mechanical,1.0,0.2,0.42177340954886444,1.0,0.0,0.0,0.0,0.9584,0.0,13.596200000392855,0.0
markdown_hierarchical,dense,20,1,q_0034,mechanical,1.0,0.2,0.4773503905735999,1.0,0.0,0.0,0.0,0.9584,0.0,13.596200000392855,0.0
markdown_hierarchical,dense,1,1,q_0035,mechanical,1.0,1.0,1.0,1.0,0.0,0.0,0.0,0.9584,0.0,12.810499999432068,0.0
markdown_hierarchical,dense,3,1,q_0035,mechanical,1.0,1.0,0.9197207891481876,1.0,0.0,0.0,0.0,0.9584,0.0,12.810499999432068,0.0
markdown_hierarchical,dense,5,1,q_0035,mechanical,1.0,1.0,0.9197207891481876,1.0,0.0,0.0,0.0,0.9584,0.0,12.810499999432068,0.0
markdown_hierarchical,dense,10,1,q_0035,mechanical,1.0,1.0,0.8395700624665824,1.0,0.0,0.0,0.0,0.9584,0.0,12.810499999432068,0.0
markdown_hierarchical,dense,20,1,q_0035,mechanical,1.0,1.0,0.8395700624665824,1.0,0.0,0.0,0.0,0.9584,0.0,12.810499999432068,0.0
markdown_hierarchical,dense,1,1,q_0036,mechanical,1.0,1.0,1.0,1.0,0.0,0.0,0.0,0.9584,0.0,11.846500000501692,0.0
markdown_hierarchical,dense,3,1,q_0036,mechanical,1.0,1.0,1.0,1.0,0.0,0.0,0.0,0.9584,0.0,11.846500000501692,0.0
markdown_hierarchical,dense,5,1,q_0036,mechanical,1.0,1.0,1.0,1.0,0.0,0.0,0.0,0.9584,0.0,11.846500000501692,0.0
markdown_hierarchical,dense,10,1,q_0036,mechanical,1.0,1.0,1.0,1.0,0.0,0.0,0.0,0.9584,0.0,11.846500000501692,0.0
markdown_hierarchical,dense,20,1,q_0036,mechanical,1.0,1.0,0.7841802768331765,1.0,0.0,0.0,0.0,0.9584,0.0,11.846500000501692,0.0
markdown_hierarchical,dense,1,1,q_0037,mechanical,1.0,1.0,1.0,1.0,0.0,0.0,0.0,0.9584,0.0,12.030799999593,0.0
markdown_hierarchical,dense,3,1,q_0037,mechanical,1.0,1.0,1.0,1.0,0.0,0.0,0.0,0.9584,0.0,12.030799999593,0.0
markdown_hierarchical,dense,5,1,q_0037,mechanical,1.0,1.0,0.9674679834891693,1.0,0.0,0.0,0.0,0.9584,0.0,12.030799999593,0.0
markdown_hierarchical,dense,10,1,q_0037,mechanical,1.0,1.0,0.9083053473410256,1.0,0.0,0.0,0.0,0.9584,0.0,12.030799999593,0.0
markdown_hierarchical,dense,20,1,q_0037,mechanical,1.0,1.0,0.8724222072944191,1.0,0.0,0.0,0.0,0.9584,0.0,12.030799999593,0.0
markdown_hierarchical,dense,1,1,q_0038,mechanical,1.0,1.0,1.0,1.0,0.0,0.0,0.0,0.9584,0.0,7.309399999940069,0.0
markdown_hierarchical,dense,3,1,q_0038,mechanical,1.0,1.0,1.0,1.0,0.0,0.0,0.0,0.9584,0.0,7.309399999940069,0.0
markdown_hierarchical,dense,5,1,q_0038,mechanical,1.0,1.0,1.0,1.0,0.0,0.0,0.0,0.9584,0.0,7.309399999940069,0.0
markdown_hierarchical,dense,10,1,q_0038,mechanical,1.0,1.0,1.0,1.0,0.0,0.0,0.0,0.9584,0.0,7.309399999940069,0.0
markdown_hierarchical,dense,20,1,q_0038,mechanical,1.0,1.0,1.0,1.0,0.0,0.0,0.0,0.9584,0.0,7.309399999940069,0.0
markdown_hierarchical,dense,1,1,q_0039,mechanical,0.0,0.0,0.0,0.0,0.0,0.0,0.0,0.9584,0.0,12.177300000075775,0.0
markdown_hierarchical,dense,3,1,q_0039,mechanical,0.0,0.0,0.0,0.0,0.0,0.0,0.0,0.9584,0.0,12.177300000075775,0.0
markdown_hierarchical,dense,5,1,q_0039,mechanical,0.0,0.0,0.0,0.0,0.0,0.0,0.0,0.9584,0.0,12.177300000075775,0.0
markdown_hierarchical,dense,10,1,q_0039,mechanical,0.0,0.0,0.0,0.0,0.0,0.0,0.0,0.9584,0.0,12.177300000075775,0.0
markdown_hierarchical,dense,20,1,q_0039,mechanical,0.0,0.0,0.0,0.0,0.0,0.0,0.0,0.9584,0.0,12.177300000075775,0.0
markdown_hierarchical,dense,1,1,q_0040,mechanical,1.0,1.0,1.0,1.0,0.0,0.0,0.0,0.9584,0.0,14.506299999993644,0.0
markdown_hierarchical,dense,3,1,q_0040,mechanical,1.0,1.0,1.0,1.0,0.0,0.0,0.0,0.9584,0.0,14.506299999993644,0.0
markdown_hierarchical,dense,5,1,q_0040,mechanical,1.0,1.0,1.0,1.0,0.0,0.0,0.0,0.9584,0.0,14.506299999993644,0.0
markdown_hierarchical,dense,10,1,q_0040,mechanical,1.0,1.0,1.0,1.0,0.0,0.0,0.0,0.9584,0.0,14.506299999993644,0.0
markdown_hierarchical,dense,20,1,q_0040,mechanical,1.0,1.0,1.0,1.0,0.0,0.0,0.0,0.9584,0.0,14.506299999993644,0.0
markdown_hierarchical,dense,1,1,q_0041,mechanical,1.0,1.0,1.0,1.0,0.0,0.0,0.0,0.9584,0.0,9.872399999949266,0.0
markdown_hierarchical,dense,3,1,q_0041,mechanical,1.0,1.0,1.0,1.0,0.0,0.0,0.0,0.9584,0.0,9.872399999949266,0.0
markdown_hierarchical,dense,5,1,q_0041,mechanical,1.0,1.0,1.0,1.0,0.0,0.0,0.0,0.9584,0.0,9.872399999949266,0.0
markdown_hierarchical,dense,10,1,q_0041,mechanical,1.0,1.0,1.0,1.0,0.0,0.0,0.0,0.9584,0.0,9.872399999949266,0.0
markdown_hierarchical,dense,20,1,q_0041,mechanical,1.0,1.0,1.0,1.0,0.0,0.0,0.0,0.9584,0.0,9.872399999949266,0.0
markdown_hierarchical,dense,1,1,q_0042,mechanical,0.0,0.09090909090909091,0.0,0.0,0.0,0.0,0.0,0.9584,0.0,6.774299999960931,0.0
markdown_hierarchical,dense,3,1,q_0042,mechanical,0.0,0.09090909090909091,0.0,0.0,0.0,0.0,0.0,0.9584,0.0,6.774299999960931,0.0
markdown_hierarchical,dense,5,1,q_0042,mechanical,0.0,0.09090909090909091,0.0,0.0,0.0,0.0,0.0,0.9584,0.0,6.774299999960931,0.0
markdown_hierarchical,dense,10,1,q_0042,mechanical,0.0,0.09090909090909091,0.0,0.0,0.0,0.0,0.0,0.9584,0.0,6.774299999960931,0.0
markdown_hierarchical,dense,20,1,q_0042,mechanical,1.0,0.09090909090909091,0.27894294565112987,1.0,0.0,0.0,0.0,0.9584,0.0,6.774299999960931,0.0
markdown_hierarchical,dense,1,1,q_0043,mechanical,0.0,0.0,0.0,0.0,0.0,0.0,0.0,0.9584,0.0,14.962299999751849,0.0
markdown_hierarchical,dense,3,1,q_0043,mechanical,0.0,0.0,0.0,0.0,0.0,0.0,0.0,0.9584,0.0,14.962299999751849,0.0
markdown_hierarchical,dense,5,1,q_0043,mechanical,0.0,0.0,0.0,0.0,0.0,0.0,0.0,0.9584,0.0,14.962299999751849,0.0
markdown_hierarchical,dense,10,1,q_0043,mechanical,0.0,0.0,0.0,0.0,0.0,0.0,0.0,0.9584,0.0,14.962299999751849,0.0
markdown_hierarchical,dense,20,1,q_0043,mechanical,0.0,0.0,0.0,0.0,0.0,0.0,0.0,0.9584,0.0,14.962299999751849,0.0
markdown_hierarchical,dense,1,1,q_0044,mechanical,0.0,0.0,0.0,0.0,0.0,0.0,0.0,0.9584,0.0,14.680699999189528,0.0
markdown_hierarchical,dense,3,1,q_0044,mechanical,0.0,0.0,0.0,0.0,0.0,0.0,0.0,0.9584,0.0,14.680699999189528,0.0
markdown_hierarchical,dense,5,1,q_0044,mechanical,0.0,0.0,0.0,0.0,0.0,0.0,0.0,0.9584,0.0,14.680699999189528,0.0
markdown_hierarchical,dense,10,1,q_0044,mechanical,0.0,0.0,0.0,0.0,0.0,0.0,0.0,0.9584,0.0,14.680699999189528,0.0
markdown_hierarchical,dense,20,1,q_0044,mechanical,0.0,0.0,0.0,0.0,0.0,0.0,0.0,0.9584,0.0,14.680699999189528,0.0
markdown_hierarchical,dense,1,1,q_0045,mechanical,0.0,0.06666666666666667,0.0,0.0,0.0,0.0,0.0,0.9584,0.0,16.669500000716653,0.0
markdown_hierarchical,dense,3,1,q_0045,mechanical,0.0,0.06666666666666667,0.0,0.0,0.0,0.0,0.0,0.9584,0.0,16.669500000716653,0.0
markdown_hierarchical,dense,5,1,q_0045,mechanical,0.0,0.06666666666666667,0.0,0.0,0.0,0.0,0.0,0.9584,0.0,16.669500000716653,0.0
markdown_hierarchical,dense,10,1,q_0045,mechanical,0.0,0.06666666666666667,0.0,0.0,0.0,0.0,0.0,0.9584,0.0,16.669500000716653,0.0
markdown_hierarchical,dense,20,1,q_0045,mechanical,1.0,0.06666666666666667,0.25,1.0,0.0,0.0,0.0,0.9584,0.0,16.669500000716653,0.0
markdown_hierarchical,dense,1,1,q_0046,mechanical,1.0,1.0,1.0,1.0,0.0,0.0,0.0,0.9584,0.0,15.145700000175566,0.0
markdown_hierarchical,dense,3,1,q_0046,mechanical,1.0,1.0,1.0,1.0,0.0,0.0,0.0,0.9584,0.0,15.145700000175566,0.0
markdown_hierarchical,dense,5,1,q_0046,mechanical,1.0,1.0,1.0,1.0,0.0,0.0,0.0,0.9584,0.0,15.145700000175566,0.0
markdown_hierarchical,dense,10,1,q_0046,mechanical,1.0,1.0,1.0,1.0,0.0,0.0,0.0,0.9584,0.0,15.145700000175566,0.0
markdown_hierarchical,dense,20,1,q_0046,mechanical,1.0,1.0,1.0,1.0,0.0,0.0,0.0,0.9584,0.0,15.145700000175566,0.0
markdown_hierarchical,dense,1,1,q_0047,mechanical,0.0,0.16666666666666666,0.0,0.0,0.0,0.0,0.0,0.9584,0.0,14.46959999975661,0.0
markdown_hierarchical,dense,3,1,q_0047,mechanical,0.0,0.16666666666666666,0.0,0.0,0.0,0.0,0.0,0.9584,0.0,14.46959999975661,0.0
markdown_hierarchical,dense,5,1,q_0047,mechanical,0.0,0.16666666666666666,0.0,0.0,0.0,0.0,0.0,0.9584,0.0,14.46959999975661,0.0
markdown_hierarchical,dense,10,1,q_0047,mechanical,1.0,0.16666666666666666,0.4508533838815827,1.0,0.0,0.0,0.0,0.9584,0.0,14.46959999975661,0.0
markdown_hierarchical,dense,20,1,q_0047,mechanical,1.0,0.16666666666666666,0.4508533838815827,1.0,0.0,0.0,0.0,0.9584,0.0,14.46959999975661,0.0
markdown_hierarchical,dense,1,1,q_0048,mechanical,1.0,1.0,1.0,1.0,0.0,0.0,0.0,0.9584,0.0,11.466599999948812,0.0
markdown_hierarchical,dense,3,1,q_0048,mechanical,1.0,1.0,1.0,1.0,0.0,0.0,0.0,0.9584,0.0,11.466599999948812,0.0
markdown_hierarchical,dense,5,1,q_0048,mechanical,1.0,1.0,0.8503449055347546,1.0,0.0,0.0,0.0,0.9584,0.0,11.466599999948812,0.0
markdown_hierarchical,dense,10,1,q_0048,mechanical,1.0,1.0,0.8179809735263114,1.0,0.0,0.0,0.0,0.9584,0.0,11.466599999948812,0.0
markdown_hierarchical,dense,20,1,q_0048,mechanical,1.0,1.0,0.7653731974591523,1.0,0.0,0.0,0.0,0.9584,0.0,11.466599999948812,0.0
markdown_hierarchical,dense,1,1,q_0049,mechanical,1.0,1.0,1.0,1.0,0.0,0.0,0.0,0.9584,0.0,14.955599999666447,0.0
markdown_hierarchical,dense,3,1,q_0049,mechanical,1.0,1.0,1.0,1.0,0.0,0.0,0.0,0.9584,0.0,14.955599999666447,0.0
markdown_hierarchical,dense,5,1,q_0049,mechanical,1.0,1.0,1.0,1.0,0.0,0.0,0.0,0.9584,0.0,14.955599999666447,0.0
markdown_hierarchical,dense,10,1,q_0049,mechanical,1.0,1.0,1.0,1.0,0.0,0.0,0.0,0.9584,0.0,14.955599999666447,0.0
markdown_hierarchical,dense,20,1,q_0049,mechanical,1.0,1.0,1.0,1.0,0.0,0.0,0.0,0.9584,0.0,14.955599999666447,0.0
markdown_hierarchical,dense,1,1,q_0050,mechanical,1.0,1.0,1.0,1.0,0.0,0.0,0.0,0.9584,0.0,12.916900000163878,0.0
markdown_hierarchical,dense,3,1,q_0050,mechanical,1.0,1.0,1.0,1.0,0.0,0.0,0.0,0.9584,0.0,12.916900000163878,0.0
markdown_hierarchical,dense,5,1,q_0050,mechanical,1.0,1.0,1.0,1.0,0.0,0.0,0.0,0.9584,0.0,12.916900000163878,0.0
markdown_hierarchical,dense,10,1,q_0050,mechanical,1.0,1.0,1.0,1.0,0.0,0.0,0.0,0.9584,0.0,12.916900000163878,0.0
markdown_hierarchical,dense,20,1,q_0050,mechanical,1.0,1.0,1.0,1.0,0.0,0.0,0.0,0.9584,0.0,12.916900000163878,0.0
markdown_hierarchical,dense,1,1,q_0051,mechanical,1.0,1.0,1.0,1.0,0.0,0.0,0.0,0.9584,0.0,20.241999999598193,0.0
markdown_hierarchical,dense,3,1,q_0051,mechanical,1.0,1.0,1.0,1.0,0.0,0.0,0.0,0.9584,0.0,20.241999999598193,0.0
markdown_hierarchical,dense,5,1,q_0051,mechanical,1.0,1.0,1.0,1.0,0.0,0.0,0.0,0.9584,0.0,20.241999999598193,0.0
markdown_hierarchical,dense,10,1,q_0051,mechanical,1.0,1.0,1.0,1.0,0.0,0.0,0.0,0.9584,0.0,20.241999999598193,0.0
markdown_hierarchical,dense,20,1,q_0051,mechanical,1.0,1.0,1.0,1.0,0.0,0.0,0.0,0.9584,0.0,20.241999999598193,0.0
markdown_hierarchical,dense,1,1,q_0052,mechanical,0.0,0.1,0.0,0.0,0.0,0.0,0.0,0.9584,0.0,16.003099999579717,0.0
markdown_hierarchical,dense,3,1,q_0052,mechanical,0.0,0.1,0.0,0.0,0.0,0.0,0.0,0.9584,0.0,16.003099999579717,0.0
markdown_hierarchical,dense,5,1,q_0052,mechanical,0.0,0.1,0.0,0.0,0.0,0.0,0.0,0.9584,0.0,16.003099999579717,0.0
markdown_hierarchical,dense,10,1,q_0052,mechanical,1.0,0.1,0.2890648263178879,1.0,0.0,0.0,0.0,0.9584,0.0,16.003099999579717,0.0
markdown_hierarchical,dense,20,1,q_0052,mechanical,1.0,0.1,0.2890648263178879,1.0,0.0,0.0,0.0,0.9584,0.0,16.003099999579717,0.0
markdown_hierarchical,dense,1,1,q_0053,mechanical,0.0,0.1,0.0,0.0,0.0,0.0,0.0,0.9584,0.0,14.78289999977278,0.0
markdown_hierarchical,dense,3,1,q_0053,mechanical,0.0,0.1,0.0,0.0,0.0,0.0,0.0,0.9584,0.0,14.78289999977278,0.0
markdown_hierarchical,dense,5,1,q_0053,mechanical,0.0,0.1,0.0,0.0,0.0,0.0,0.0,0.9584,0.0,14.78289999977278,0.0
markdown_hierarchical,dense,10,1,q_0053,mechanical,1.0,0.1,0.2890648263178879,1.0,0.0,0.0,0.0,0.9584,0.0,14.78289999977278,0.0
markdown_hierarchical,dense,20,1,q_0053,mechanical,1.0,0.1,0.2890648263178879,1.0,0.0,0.0,0.0,0.9584,0.0,14.78289999977278,0.0
markdown_hierarchical,dense,1,1,q_0056,tabular,1.0,1.0,1.0,1.0,0.0,0.0,0.0,0.9584,0.0,9.012999999868043,0.0
markdown_hierarchical,dense,3,1,q_0056,tabular,1.0,1.0,1.0,1.0,0.0,0.0,0.0,0.9584,0.0,9.012999999868043,0.0
markdown_hierarchical,dense,5,1,q_0056,tabular,1.0,1.0,1.0,1.0,0.0,0.0,0.0,0.9584,0.0,9.012999999868043,0.0
markdown_hierarchical,dense,10,1,q_0056,tabular,1.0,1.0,1.0,1.0,0.0,0.0,0.0,0.9584,0.0,9.012999999868043,0.0
markdown_hierarchical,dense,20,1,q_0056,tabular,1.0,1.0,0.8758330319477191,1.0,0.0,0.0,0.0,0.9584,0.0,9.012999999868043,0.0
markdown_hierarchical,dense,1,1,q_0057,tabular,1.0,1.0,1.0,1.0,0.0,0.0,0.0,0.9584,0.0,8.553000000574684,0.0
markdown_hierarchical,dense,3,1,q_0057,tabular,1.0,1.0,1.0,1.0,0.0,0.0,0.0,0.9584,0.0,8.553000000574684,0.0
markdown_hierarchical,dense,5,1,q_0057,tabular,1.0,1.0,1.0,1.0,0.0,0.0,0.0,0.9584,0.0,8.553000000574684,0.0
markdown_hierarchical,dense,10,1,q_0057,tabular,1.0,1.0,1.0,1.0,0.0,0.0,0.0,0.9584,0.0,8.553000000574684,0.0
markdown_hierarchical,dense,20,1,q_0057,tabular,1.0,1.0,0.9948654998201583,1.0,0.0,0.0,0.0,0.9584,0.0,8.553000000574684,0.0
markdown_hierarchical,dense,1,1,q_0058,tabular,0.0,0.5,0.0,0.0,0.0,0.0,0.0,0.9584,0.0,3.8838000000396278,0.0
markdown_hierarchical,dense,3,1,q_0058,tabular,1.0,0.5,0.6309297535714575,1.0,0.0,0.0,0.0,0.9584,0.0,3.8838000000396278,0.0
markdown_hierarchical,dense,5,1,q_0058,tabular,1.0,0.5,0.6309297535714575,1.0,0.0,0.0,0.0,0.9584,0.0,3.8838000000396278,0.0
markdown_hierarchical,dense,10,1,q_0058,tabular,1.0,0.5,0.6309297535714575,1.0,0.0,0.0,0.0,0.9584,0.0,3.8838000000396278,0.0
markdown_hierarchical,dense,20,1,q_0058,tabular,1.0,0.5,0.6309297535714575,1.0,0.0,0.0,0.0,0.9584,0.0,3.8838000000396278,0.0
markdown_hierarchical,dense,1,1,q_0059,tabular,1.0,1.0,1.0,1.0,0.0,0.0,0.0,0.9584,0.0,9.101300000111223,0.0
markdown_hierarchical,dense,3,1,q_0059,tabular,1.0,1.0,1.0,1.0,0.0,0.0,0.0,0.9584,0.0,9.101300000111223,0.0
markdown_hierarchical,dense,5,1,q_0059,tabular,1.0,1.0,1.0,1.0,0.0,0.0,0.0,0.9584,0.0,9.101300000111223,0.0
markdown_hierarchical,dense,10,1,q_0059,tabular,1.0,1.0,1.0,1.0,0.0,0.0,0.0,0.9584,0.0,9.101300000111223,0.0
markdown_hierarchical,dense,20,1,q_0059,tabular,1.0,1.0,1.0,1.0,0.0,0.0,0.0,0.9584,0.0,9.101300000111223,0.0
markdown_hierarchical,dense,1,1,q_0060,tabular,1.0,1.0,1.0,1.0,0.0,0.0,0.0,0.9584,0.0,4.7144999998636195,0.0
markdown_hierarchical,dense,3,1,q_0060,tabular,1.0,1.0,1.0,1.0,0.0,0.0,0.0,0.9584,0.0,4.7144999998636195,0.0
markdown_hierarchical,dense,5,1,q_0060,tabular,1.0,1.0,1.0,1.0,0.0,0.0,0.0,0.9584,0.0,4.7144999998636195,0.0
markdown_hierarchical,dense,10,1,q_0060,tabular,1.0,1.0,1.0,1.0,0.0,0.0,0.0,0.9584,0.0,4.7144999998636195,0.0
markdown_hierarchical,dense,20,1,q_0060,tabular,1.0,1.0,0.9975075157686968,1.0,0.0,0.0,0.0,0.9584,0.0,4.7144999998636195,0.0
markdown_hierarchical,dense,1,1,q_0061,tabular,1.0,1.0,1.0,1.0,0.0,0.0,0.0,0.9584,0.0,14.254800000344403,0.0
markdown_hierarchical,dense,3,1,q_0061,tabular,1.0,1.0,1.0,1.0,0.0,0.0,0.0,0.9584,0.0,14.254800000344403,0.0
markdown_hierarchical,dense,5,1,q_0061,tabular,1.0,1.0,1.0,1.0,0.0,0.0,0.0,0.9584,0.0,14.254800000344403,0.0
markdown_hierarchical,dense,10,1,q_0061,tabular,1.0,1.0,0.9217868789962071,1.0,0.0,0.0,0.0,0.9584,0.0,14.254800000344403,0.0
markdown_hierarchical,dense,20,1,q_0061,tabular,1.0,1.0,0.9217868789962071,1.0,0.0,0.0,0.0,0.9584,0.0,14.254800000344403,0.0
markdown_hierarchical,dense,1,1,q_0062,tabular,0.0,0.125,0.0,0.0,0.0,0.0,0.0,0.9584,0.0,11.66929999999411,0.0
markdown_hierarchical,dense,3,1,q_0062,tabular,0.0,0.125,0.0,0.0,0.0,0.0,0.0,0.9584,0.0,11.66929999999411,0.0
markdown_hierarchical,dense,5,1,q_0062,tabular,0.0,0.125,0.0,0.0,0.0,0.0,0.0,0.9584,0.0,11.66929999999411,0.0
markdown_hierarchical,dense,10,1,q_0062,tabular,1.0,0.125,0.31546487678572877,1.0,0.0,0.0,0.0,0.9584,0.0,11.66929999999411,0.0
markdown_hierarchical,dense,20,1,q_0062,tabular,1.0,0.125,0.34046674428368096,1.0,0.0,0.0,0.0,0.9584,0.0,11.66929999999411,0.0
markdown_hierarchical,dense,1,1,q_0063,tabular,0.0,0.25,0.0,0.0,0.0,0.0,0.0,0.9584,0.0,11.475999999674968,0.0
markdown_hierarchical,dense,3,1,q_0063,tabular,0.0,0.25,0.0,0.0,0.0,0.0,0.0,0.9584,0.0,11.475999999674968,0.0
markdown_hierarchical,dense,5,1,q_0063,tabular,1.0,0.25,0.43067655807339306,1.0,0.0,0.0,0.0,0.9584,0.0,11.475999999674968,0.0
markdown_hierarchical,dense,10,1,q_0063,tabular,1.0,0.25,0.43067655807339306,1.0,0.0,0.0,0.0,0.9584,0.0,11.475999999674968,0.0
markdown_hierarchical,dense,20,1,q_0063,tabular,1.0,0.25,0.435101206640309,1.0,0.0,0.0,0.0,0.9584,0.0,11.475999999674968,0.0
markdown_hierarchical,dense,1,1,q_0064,tabular,1.0,1.0,1.0,1.0,0.0,0.0,0.0,0.9584,0.0,8.502300000145624,0.0
markdown_hierarchical,dense,3,1,q_0064,tabular,1.0,1.0,0.9197207891481876,1.0,0.0,0.0,0.0,0.9584,0.0,8.502300000145624,0.0
markdown_hierarchical,dense,5,1,q_0064,tabular,1.0,1.0,0.9197207891481876,1.0,0.0,0.0,0.0,0.9584,0.0,8.502300000145624,0.0
markdown_hierarchical,dense,10,1,q_0064,tabular,1.0,1.0,0.9197207891481876,1.0,0.0,0.0,0.0,0.9584,0.0,8.502300000145624,0.0
markdown_hierarchical,dense,20,1,q_0064,tabular,1.0,1.0,0.9197207891481876,1.0,0.0,0.0,0.0,0.9584,0.0,8.502300000145624,0.0
markdown_hierarchical,dense,1,1,q_0065,tabular,1.0,1.0,1.0,1.0,0.0,0.0,0.0,0.9584,0.0,9.575699999913923,0.0
markdown_hierarchical,dense,3,1,q_0065,tabular,1.0,1.0,0.9197207891481876,1.0,0.0,0.0,0.0,0.9584,0.0,9.575699999913923,0.0
markdown_hierarchical,dense,5,1,q_0065,tabular,1.0,1.0,0.9197207891481876,1.0,0.0,0.0,0.0,0.9584,0.0,9.575699999913923,0.0
markdown_hierarchical,dense,10,1,q_0065,tabular,1.0,1.0,0.9197207891481876,1.0,0.0,0.0,0.0,0.9584,0.0,9.575699999913923,0.0
markdown_hierarchical,dense,20,1,q_0065,tabular,1.0,1.0,0.9197207891481876,1.0,0.0,0.0,0.0,0.9584,0.0,9.575699999913923,0.0
markdown_hierarchical,dense,1,1,q_0066,tabular,0.0,0.5,0.0,0.0,0.0,0.0,0.0,0.9584,0.0,9.675300000708376,0.0
markdown_hierarchical,dense,3,1,q_0066,tabular,1.0,0.5,0.6309297535714575,1.0,0.0,0.0,0.0,0.9584,0.0,9.675300000708376,0.0
markdown_hierarchical,dense,5,1,q_0066,tabular,1.0,0.5,0.6309297535714575,1.0,0.0,0.0,0.0,0.9584,0.0,9.675300000708376,0.0
markdown_hierarchical,dense,10,1,q_0066,tabular,1.0,0.5,0.6341694798139321,1.0,0.0,0.0,0.0,0.9584,0.0,9.675300000708376,0.0
markdown_hierarchical,dense,20,1,q_0066,tabular,1.0,0.5,0.686183832940801,1.0,0.0,0.0,0.0,0.9584,0.0,9.675300000708376,0.0
markdown_hierarchical,dense,1,1,q_0067,tabular,0.0,0.5,0.0,0.0,0.0,0.0,0.0,0.9584,0.0,9.100599999328551,0.0
markdown_hierarchical,dense,3,1,q_0067,tabular,1.0,0.5,0.6934264036172708,1.0,0.0,0.0,0.0,0.9584,0.0,9.100599999328551,0.0
markdown_hierarchical,dense,5,1,q_0067,tabular,1.0,0.5,0.6934264036172708,1.0,0.0,0.0,0.0,0.9584,0.0,9.100599999328551,0.0
markdown_hierarchical,dense,10,1,q_0067,tabular,1.0,0.5,0.6967564500834763,1.0,0.0,0.0,0.0,0.9584,0.0,9.100599999328551,0.0
markdown_hierarchical,dense,20,1,q_0067,tabular,1.0,0.5,0.7259302885195827,1.0,0.0,0.0,0.0,0.9584,0.0,9.100599999328551,0.0
markdown_hierarchical,dense,1,1,q_0068,tabular,1.0,1.0,1.0,1.0,0.0,0.0,0.0,0.9584,0.0,9.409100000084436,0.0
markdown_hierarchical,dense,3,1,q_0068,tabular,1.0,1.0,1.0,1.0,0.0,0.0,0.0,0.9584,0.0,9.409100000084436,0.0
markdown_hierarchical,dense,5,1,q_0068,tabular,1.0,1.0,1.0,1.0,0.0,0.0,0.0,0.9584,0.0,9.409100000084436,0.0
markdown_hierarchical,dense,10,1,q_0068,tabular,1.0,1.0,1.0,1.0,0.0,0.0,0.0,0.9584,0.0,9.409100000084436,0.0
markdown_hierarchical,dense,20,1,q_0068,tabular,1.0,1.0,0.7550160946314525,1.0,0.0,0.0,0.0,0.9584,0.0,9.409100000084436,0.0
markdown_hierarchical,dense,1,1,q_0069,tabular,0.0,0.5,0.0,0.0,0.0,0.0,0.0,0.9584,0.0,7.588399999804096,0.0
markdown_hierarchical,dense,3,1,q_0069,tabular,1.0,0.5,0.6309297535714575,1.0,0.0,0.0,0.0,0.9584,0.0,7.588399999804096,0.0
markdown_hierarchical,dense,5,1,q_0069,tabular,1.0,0.5,0.6309297535714575,1.0,0.0,0.0,0.0,0.9584,0.0,7.588399999804096,0.0
markdown_hierarchical,dense,10,1,q_0069,tabular,1.0,0.5,0.6309297535714575,1.0,0.0,0.0,0.0,0.9584,0.0,7.588399999804096,0.0
markdown_hierarchical,dense,20,1,q_0069,tabular,1.0,0.5,0.6309297535714575,1.0,0.0,0.0,0.0,0.9584,0.0,7.588399999804096,0.0
markdown_hierarchical,dense,1,1,q_0070,tabular,1.0,1.0,1.0,1.0,0.0,0.0,0.0,0.9584,0.0,9.500199999820325,0.0
markdown_hierarchical,dense,3,1,q_0070,tabular,1.0,1.0,1.0,1.0,0.0,0.0,0.0,0.9584,0.0,9.500199999820325,0.0
markdown_hierarchical,dense,5,1,q_0070,tabular,1.0,1.0,1.0,1.0,0.0,0.0,0.0,0.9584,0.0,9.500199999820325,0.0
markdown_hierarchical,dense,10,1,q_0070,tabular,1.0,1.0,1.0,1.0,0.0,0.0,0.0,0.9584,0.0,9.500199999820325,0.0
markdown_hierarchical,dense,20,1,q_0070,tabular,1.0,1.0,1.0,1.0,0.0,0.0,0.0,0.9584,0.0,9.500199999820325,0.0
markdown_hierarchical,dense,1,1,q_0071,tabular,1.0,1.0,1.0,1.0,0.0,0.0,0.0,0.9584,0.0,8.616799999799696,0.0
markdown_hierarchical,dense,3,1,q_0071,tabular,1.0,1.0,0.9197207891481876,1.0,0.0,0.0,0.0,0.9584,0.0,8.616799999799696,0.0
markdown_hierarchical,dense,5,1,q_0071,tabular,1.0,1.0,0.8854598815714874,1.0,0.0,0.0,0.0,0.9584,0.0,8.616799999799696,0.0
markdown_hierarchical,dense,10,1,q_0071,tabular,1.0,1.0,0.8854598815714874,1.0,0.0,0.0,0.0,0.9584,0.0,8.616799999799696,0.0
markdown_hierarchical,dense,20,1,q_0071,tabular,1.0,1.0,0.8854598815714874,1.0,0.0,0.0,0.0,0.9584,0.0,8.616799999799696,0.0
markdown_hierarchical,dense,1,1,q_0072,tabular,1.0,1.0,1.0,1.0,0.0,0.0,0.0,0.9584,0.0,10.783299999275187,0.0
markdown_hierarchical,dense,3,1,q_0072,tabular,1.0,1.0,1.0,1.0,0.0,0.0,0.0,0.9584,0.0,10.783299999275187,0.0
markdown_hierarchical,dense,5,1,q_0072,tabular,1.0,1.0,1.0,1.0,0.0,0.0,0.0,0.9584,0.0,10.783299999275187,0.0
markdown_hierarchical,dense,10,1,q_0072,tabular,1.0,1.0,0.8065735963827293,1.0,0.0,0.0,0.0,0.9584,0.0,10.783299999275187,0.0
markdown_hierarchical,dense,20,1,q_0072,tabular,1.0,1.0,0.7214939824941117,1.0,0.0,0.0,0.0,0.9584,0.0,10.783299999275187,0.0
markdown_hierarchical,dense,1,1,q_0073,tabular,1.0,1.0,1.0,1.0,0.0,0.0,0.0,0.9584,0.0,7.099800000105461,0.0
markdown_hierarchical,dense,3,1,q_0073,tabular,1.0,1.0,1.0,1.0,0.0,0.0,0.0,0.9584,0.0,7.099800000105461,0.0
markdown_hierarchical,dense,5,1,q_0073,tabular,1.0,1.0,0.8529278650606567,1.0,0.0,0.0,0.0,0.9584,0.0,7.099800000105461,0.0
markdown_hierarchical,dense,10,1,q_0073,tabular,1.0,1.0,0.831584429509448,1.0,0.0,0.0,0.0,0.9584,0.0,7.099800000105461,0.0
markdown_hierarchical,dense,20,1,q_0073,tabular,1.0,1.0,0.8249241594053678,1.0,0.0,0.0,0.0,0.9584,0.0,7.099800000105461,0.0
markdown_hierarchical,dense,1,1,q_0074,tabular,1.0,1.0,1.0,1.0,0.0,0.0,0.0,0.9584,0.0,9.840100000474195,0.0
markdown_hierarchical,dense,3,1,q_0074,tabular,1.0,1.0,1.0,1.0,0.0,0.0,0.0,0.9584,0.0,9.840100000474195,0.0
markdown_hierarchical,dense,5,1,q_0074,tabular,1.0,1.0,0.9828920819566879,1.0,0.0,0.0,0.0,0.9584,0.0,9.840100000474195,0.0
markdown_hierarchical,dense,10,1,q_0074,tabular,1.0,1.0,0.9459073824327568,1.0,0.0,0.0,0.0,0.9584,0.0,9.840100000474195,0.0
markdown_hierarchical,dense,20,1,q_0074,tabular,1.0,1.0,0.9252879501071493,1.0,0.0,0.0,0.0,0.9584,0.0,9.840100000474195,0.0
markdown_hierarchical,dense,1,1,q_0075,tabular,0.0,0.5,0.0,0.0,0.0,0.0,0.0,0.9584,0.0,10.385900000073889,0.0
markdown_hierarchical,dense,3,1,q_0075,tabular,1.0,0.5,0.6309297535714575,1.0,0.0,0.0,0.0,0.9584,0.0,10.385900000073889,0.0
markdown_hierarchical,dense,5,1,q_0075,tabular,1.0,0.5,0.6309297535714575,1.0,0.0,0.0,0.0,0.9584,0.0,10.385900000073889,0.0
markdown_hierarchical,dense,10,1,q_0075,tabular,1.0,0.5,0.619668607939653,1.0,0.0,0.0,0.0,0.9584,0.0,10.385900000073889,0.0
markdown_hierarchical,dense,20,1,q_0075,tabular,1.0,0.5,0.6106680326576807,1.0,0.0,0.0,0.0,0.9584,0.0,10.385900000073889,0.0
markdown_hierarchical,dense,1,1,q_0076,cross_reference,1.0,1.0,1.0,1.0,0.0,0.0,0.0,0.9584,0.0,8.10639999963314,0.0
markdown_hierarchical,dense,3,1,q_0076,cross_reference,1.0,1.0,1.0,1.0,0.0,0.0,0.0,0.9584,0.0,8.10639999963314,0.0
markdown_hierarchical,dense,5,1,q_0076,cross_reference,1.0,1.0,1.0,1.0,0.0,0.0,0.0,0.9584,0.0,8.10639999963314,0.0
markdown_hierarchical,dense,10,1,q_0076,cross_reference,1.0,1.0,1.0,1.0,0.0,0.0,0.0,0.9584,0.0,8.10639999963314,0.0
markdown_hierarchical,dense,20,1,q_0076,cross_reference,1.0,1.0,1.0,1.0,0.0,0.0,0.0,0.9584,0.0,8.10639999963314,0.0
markdown_hierarchical,dense,1,1,q_0077,cross_reference,0.0,0.25,0.0,0.0,0.0,0.0,0.0,0.9584,0.0,8.717900000192458,0.0
markdown_hierarchical,dense,3,1,q_0077,cross_reference,0.0,0.25,0.0,0.0,0.0,0.0,0.0,0.9584,0.0,8.717900000192458,0.0
markdown_hierarchical,dense,5,1,q_0077,cross_reference,1.0,0.25,0.43067655807339306,1.0,0.0,0.0,0.0,0.9584,0.0,8.717900000192458,0.0
markdown_hierarchical,dense,10,1,q_0077,cross_reference,1.0,0.25,0.43067655807339306,1.0,0.0,0.0,0.0,0.9584,0.0,8.717900000192458,0.0
markdown_hierarchical,dense,20,1,q_0077,cross_reference,1.0,0.25,0.4173549207639555,1.0,0.0,0.0,0.0,0.9584,0.0,8.717900000192458,0.0
markdown_hierarchical,dense,1,1,q_0078,cross_reference,0.0,0.5,0.0,0.0,0.0,0.0,0.0,0.9584,0.0,9.631099999751314,0.0
markdown_hierarchical,dense,3,1,q_0078,cross_reference,1.0,0.5,0.6309297535714575,1.0,0.0,0.0,0.0,0.9584,0.0,9.631099999751314,0.0
markdown_hierarchical,dense,5,1,q_0078,cross_reference,1.0,0.5,0.6309297535714575,1.0,0.0,0.0,0.0,0.9584,0.0,9.631099999751314,0.0
markdown_hierarchical,dense,10,1,q_0078,cross_reference,1.0,0.5,0.6309297535714575,1.0,0.0,0.0,0.0,0.9584,0.0,9.631099999751314,0.0
markdown_hierarchical,dense,20,1,q_0078,cross_reference,1.0,0.5,0.6309297535714575,1.0,0.0,0.0,0.0,0.9584,0.0,9.631099999751314,0.0
markdown_hierarchical,dense,1,1,q_0079,cross_reference,1.0,1.0,1.0,1.0,0.0,0.0,0.0,0.9584,0.0,14.917700000296463,0.0
markdown_hierarchical,dense,3,1,q_0079,cross_reference,1.0,1.0,1.0,1.0,0.0,0.0,0.0,0.9584,0.0,14.917700000296463,0.0
markdown_hierarchical,dense,5,1,q_0079,cross_reference,1.0,1.0,1.0,1.0,0.0,0.0,0.0,0.9584,0.0,14.917700000296463,0.0
markdown_hierarchical,dense,10,1,q_0079,cross_reference,1.0,1.0,1.0,1.0,0.0,0.0,0.0,0.9584,0.0,14.917700000296463,0.0
markdown_hierarchical,dense,20,1,q_0079,cross_reference,1.0,1.0,1.0,1.0,0.0,0.0,0.0,0.9584,0.0,14.917700000296463,0.0
markdown_hierarchical,dense,1,1,q_0080,cross_reference,0.0,0.0,0.0,0.0,0.0,0.0,0.0,0.9584,0.0,6.209299999682116,0.0
markdown_hierarchical,dense,3,1,q_0080,cross_reference,0.0,0.0,0.0,0.0,0.0,0.0,0.0,0.9584,0.0,6.209299999682116,0.0
markdown_hierarchical,dense,5,1,q_0080,cross_reference,0.0,0.0,0.0,0.0,0.0,0.0,0.0,0.9584,0.0,6.209299999682116,0.0
markdown_hierarchical,dense,10,1,q_0080,cross_reference,0.0,0.0,0.0,0.0,0.0,0.0,0.0,0.9584,0.0,6.209299999682116,0.0
markdown_hierarchical,dense,20,1,q_0080,cross_reference,0.0,0.0,0.0,0.0,0.0,0.0,0.0,0.9584,0.0,6.209299999682116,0.0
markdown_hierarchical,dense,1,1,q_0081,cross_reference,1.0,1.0,1.0,1.0,0.0,0.0,0.0,0.9584,0.0,13.840499999787426,0.0
markdown_hierarchical,dense,3,1,q_0081,cross_reference,1.0,1.0,1.0,1.0,0.0,0.0,0.0,0.9584,0.0,13.840499999787426,0.0
markdown_hierarchical,dense,5,1,q_0081,cross_reference,1.0,1.0,1.0,1.0,0.0,0.0,0.0,0.9584,0.0,13.840499999787426,0.0
markdown_hierarchical,dense,10,1,q_0081,cross_reference,1.0,1.0,1.0,1.0,0.0,0.0,0.0,0.9584,0.0,13.840499999787426,0.0
markdown_hierarchical,dense,20,1,q_0081,cross_reference,1.0,1.0,0.778842958530688,1.0,0.0,0.0,0.0,0.9584,0.0,13.840499999787426,0.0
markdown_hierarchical,dense,1,1,q_0082,cross_reference,0.0,0.16666666666666666,0.0,0.0,0.0,0.0,0.0,0.9584,0.0,7.958700000017416,0.0
markdown_hierarchical,dense,3,1,q_0082,cross_reference,0.0,0.16666666666666666,0.0,0.0,0.0,0.0,0.0,0.9584,0.0,7.958700000017416,0.0
markdown_hierarchical,dense,5,1,q_0082,cross_reference,0.0,0.16666666666666666,0.0,0.0,0.0,0.0,0.0,0.9584,0.0,7.958700000017416,0.0
markdown_hierarchical,dense,10,1,q_0082,cross_reference,1.0,0.16666666666666666,0.3562071871080222,1.0,0.0,0.0,0.0,0.9584,0.0,7.958700000017416,0.0
markdown_hierarchical,dense,20,1,q_0082,cross_reference,1.0,0.16666666666666666,0.3562071871080222,1.0,0.0,0.0,0.0,0.9584,0.0,7.958700000017416,0.0
markdown_hierarchical,dense,1,1,q_0083,cross_reference,0.0,0.5,0.0,0.0,0.0,0.0,0.0,0.9584,0.0,5.411399999502464,0.0
markdown_hierarchical,dense,3,1,q_0083,cross_reference,1.0,0.5,0.6309297535714575,1.0,0.0,0.0,0.0,0.9584,0.0,5.411399999502464,0.0
markdown_hierarchical,dense,5,1,q_0083,cross_reference,1.0,0.5,0.6309297535714575,1.0,0.0,0.0,0.0,0.9584,0.0,5.411399999502464,0.0
markdown_hierarchical,dense,10,1,q_0083,cross_reference,1.0,0.5,0.6309297535714575,1.0,0.0,0.0,0.0,0.9584,0.0,5.411399999502464,0.0
markdown_hierarchical,dense,20,1,q_0083,cross_reference,1.0,0.5,0.6309297535714575,1.0,0.0,0.0,0.0,0.9584,0.0,5.411399999502464,0.0
markdown_hierarchical,dense,1,1,q_0084,cross_reference,1.0,1.0,1.0,1.0,0.0,0.0,0.0,0.9584,0.0,13.169400000151654,0.0
markdown_hierarchical,dense,3,1,q_0084,cross_reference,1.0,1.0,1.0,1.0,0.0,0.0,0.0,0.9584,0.0,13.169400000151654,0.0
markdown_hierarchical,dense,5,1,q_0084,cross_reference,1.0,1.0,1.0,1.0,0.0,0.0,0.0,0.9584,0.0,13.169400000151654,0.0
markdown_hierarchical,dense,10,1,q_0084,cross_reference,1.0,1.0,0.8065735963827293,1.0,0.0,0.0,0.0,0.9584,0.0,13.169400000151654,0.0
markdown_hierarchical,dense,20,1,q_0084,cross_reference,1.0,1.0,0.7405755206984126,1.0,0.0,0.0,0.0,0.9584,0.0,13.169400000151654,0.0
markdown_hierarchical,dense,1,1,q_0085,cross_reference,0.0,0.5,0.0,0.0,0.0,0.0,0.0,0.9584,0.0,9.251399999811838,0.0
markdown_hierarchical,dense,3,1,q_0085,cross_reference,1.0,0.5,0.6934264036172708,1.0,0.0,0.0,0.0,0.9584,0.0,9.251399999811838,0.0
markdown_hierarchical,dense,5,1,q_0085,cross_reference,1.0,0.5,0.7122630665145961,1.0,0.0,0.0,0.0,0.9584,0.0,9.251399999811838,0.0
markdown_hierarchical,dense,10,1,q_0085,cross_reference,1.0,0.5,0.7122630665145961,1.0,0.0,0.0,0.0,0.9584,0.0,9.251399999811838,0.0
markdown_hierarchical,dense,20,1,q_0085,cross_reference,1.0,0.5,0.6901070444626115,1.0,0.0,0.0,0.0,0.9584,0.0,9.251399999811838,0.0
markdown_hierarchical,dense,1,1,q_0086,cross_reference,1.0,1.0,1.0,1.0,0.0,0.0,0.0,0.9584,0.0,8.783900000707945,0.0
markdown_hierarchical,dense,3,1,q_0086,cross_reference,1.0,1.0,1.0,1.0,0.0,0.0,0.0,0.9584,0.0,8.783900000707945,0.0
markdown_hierarchical,dense,5,1,q_0086,cross_reference,1.0,1.0,1.0,1.0,0.0,0.0,0.0,0.9584,0.0,8.783900000707945,0.0
markdown_hierarchical,dense,10,1,q_0086,cross_reference,1.0,1.0,1.0,1.0,0.0,0.0,0.0,0.9584,0.0,8.783900000707945,0.0
markdown_hierarchical,dense,20,1,q_0086,cross_reference,1.0,1.0,0.7550160946314525,1.0,0.0,0.0,0.0,0.9584,0.0,8.783900000707945,0.0
markdown_hierarchical,dense,1,1,q_0087,cross_reference,1.0,1.0,1.0,1.0,0.0,0.0,0.0,0.9584,0.0,10.592900000119698,0.0
markdown_hierarchical,dense,3,1,q_0087,cross_reference,1.0,1.0,1.0,1.0,0.0,0.0,0.0,0.9584,0.0,10.592900000119698,0.0
markdown_hierarchical,dense,5,1,q_0087,cross_reference,1.0,1.0,1.0,1.0,0.0,0.0,0.0,0.9584,0.0,10.592900000119698,0.0
markdown_hierarchical,dense,10,1,q_0087,cross_reference,1.0,1.0,1.0,1.0,0.0,0.0,0.0,0.9584,0.0,10.592900000119698,0.0
markdown_hierarchical,dense,20,1,q_0087,cross_reference,1.0,1.0,1.0,1.0,0.0,0.0,0.0,0.9584,0.0,10.592900000119698,0.0
markdown_hierarchical,dense,1,1,q_0088,cross_reference,1.0,1.0,1.0,1.0,0.0,0.0,0.0,0.9584,0.0,7.662199999685981,0.0
markdown_hierarchical,dense,3,1,q_0088,cross_reference,1.0,1.0,1.0,1.0,0.0,0.0,0.0,0.9584,0.0,7.662199999685981,0.0
markdown_hierarchical,dense,5,1,q_0088,cross_reference,1.0,1.0,1.0,1.0,0.0,0.0,0.0,0.9584,0.0,7.662199999685981,0.0
markdown_hierarchical,dense,10,1,q_0088,cross_reference,1.0,1.0,1.0,1.0,0.0,0.0,0.0,0.9584,0.0,7.662199999685981,0.0
markdown_hierarchical,dense,20,1,q_0088,cross_reference,1.0,1.0,1.0,1.0,0.0,0.0,0.0,0.9584,0.0,7.662199999685981,0.0
markdown_hierarchical,dense,1,1,q_0089,cross_reference,0.0,0.5,0.0,0.0,0.0,0.0,0.0,0.9584,0.0,12.609500000507978,0.0
markdown_hierarchical,dense,3,1,q_0089,cross_reference,1.0,0.5,0.6309297535714575,1.0,0.0,0.0,0.0,0.9584,0.0,12.609500000507978,0.0
markdown_hierarchical,dense,5,1,q_0089,cross_reference,1.0,0.5,0.6309297535714575,1.0,0.0,0.0,0.0,0.9584,0.0,12.609500000507978,0.0
markdown_hierarchical,dense,10,1,q_0089,cross_reference,1.0,0.5,0.6309297535714575,1.0,0.0,0.0,0.0,0.9584,0.0,12.609500000507978,0.0
markdown_hierarchical,dense,20,1,q_0089,cross_reference,1.0,0.5,0.6309297535714575,1.0,0.0,0.0,0.0,0.9584,0.0,12.609500000507978,0.0
markdown_hierarchical,dense,1,1,q_0090,cross_reference,0.0,0.0,0.0,0.0,0.0,0.0,0.0,0.9584,0.0,11.391099999855214,0.0
markdown_hierarchical,dense,3,1,q_0090,cross_reference,0.0,0.0,0.0,0.0,0.0,0.0,0.0,0.9584,0.0,11.391099999855214,0.0
markdown_hierarchical,dense,5,1,q_0090,cross_reference,0.0,0.0,0.0,0.0,0.0,0.0,0.0,0.9584,0.0,11.391099999855214,0.0
markdown_hierarchical,dense,10,1,q_0090,cross_reference,0.0,0.0,0.0,0.0,0.0,0.0,0.0,0.9584,0.0,11.391099999855214,0.0
markdown_hierarchical,dense,20,1,q_0090,cross_reference,0.0,0.0,0.0,0.0,0.0,0.0,0.0,0.9584,0.0,11.391099999855214,0.0
markdown_hierarchical,dense,1,1,q_0092,monster,0.0,0.5,0.0,0.0,0.0,0.0,0.0,0.9584,0.0,14.064600000892824,0.0
markdown_hierarchical,dense,3,1,q_0092,monster,1.0,0.5,0.6934264036172708,1.0,0.0,0.0,0.0,0.9584,0.0,14.064600000892824,0.0
markdown_hierarchical,dense,5,1,q_0092,monster,1.0,0.5,0.6934264036172708,1.0,0.0,0.0,0.0,0.9584,0.0,14.064600000892824,0.0
markdown_hierarchical,dense,10,1,q_0092,monster,1.0,0.5,0.6934264036172708,1.0,0.0,0.0,0.0,0.9584,0.0,14.064600000892824,0.0
markdown_hierarchical,dense,20,1,q_0092,monster,1.0,0.5,0.6934264036172708,1.0,0.0,0.0,0.0,0.9584,0.0,14.064600000892824,0.0
markdown_hierarchical,dense,1,1,q_0093,monster,1.0,1.0,1.0,1.0,0.0,0.0,0.0,0.9584,0.0,6.995899999310495,0.0
markdown_hierarchical,dense,3,1,q_0093,monster,1.0,1.0,1.0,1.0,0.0,0.0,0.0,0.9584,0.0,6.995899999310495,0.0
markdown_hierarchical,dense,5,1,q_0093,monster,1.0,1.0,1.0,1.0,0.0,0.0,0.0,0.9584,0.0,6.995899999310495,0.0
markdown_hierarchical,dense,10,1,q_0093,monster,1.0,1.0,1.0,1.0,0.0,0.0,0.0,0.9584,0.0,6.995899999310495,0.0
markdown_hierarchical,dense,20,1,q_0093,monster,1.0,1.0,0.778842958530688,1.0,0.0,0.0,0.0,0.9584,0.0,6.995899999310495,0.0
markdown_hierarchical,dense,1,1,q_0094,monster,1.0,1.0,1.0,1.0,0.0,0.0,0.0,0.9584,0.0,11.721899999429297,0.0
markdown_hierarchical,dense,3,1,q_0094,monster,1.0,1.0,1.0,1.0,0.0,0.0,0.0,0.9584,0.0,11.721899999429297,0.0
markdown_hierarchical,dense,5,1,q_0094,monster,1.0,1.0,1.0,1.0,0.0,0.0,0.0,0.9584,0.0,11.721899999429297,0.0
markdown_hierarchical,dense,10,1,q_0094,monster,1.0,1.0,1.0,1.0,0.0,0.0,0.0,0.9584,0.0,11.721899999429297,0.0
markdown_hierarchical,dense,20,1,q_0094,monster,1.0,1.0,0.7527425666302089,1.0,0.0,0.0,0.0,0.9584,0.0,11.721899999429297,0.0
markdown_hierarchical,dense,1,1,q_0095,monster,0.0,0.2,0.0,0.0,0.0,0.0,0.0,0.9584,0.0,13.887699999941105,0.0
markdown_hierarchical,dense,3,1,q_0095,monster,0.0,0.2,0.0,0.0,0.0,0.0,0.0,0.9584,0.0,13.887699999941105,0.0
markdown_hierarchical,dense,5,1,q_0095,monster,1.0,0.2,0.38685280723454163,1.0,0.0,0.0,0.0,0.9584,0.0,13.887699999941105,0.0
markdown_hierarchical,dense,10,1,q_0095,monster,1.0,0.2,0.45846073882962946,1.0,0.0,0.0,0.0,0.9584,0.0,13.887699999941105,0.0
markdown_hierarchical,dense,20,1,q_0095,monster,1.0,0.2,0.6340409785533225,1.0,0.0,0.0,0.0,0.9584,0.0,13.887699999941105,0.0
markdown_hierarchical,dense,1,1,q_0096,monster,1.0,1.0,1.0,1.0,0.0,0.0,0.0,0.9584,0.0,9.106399999836867,0.0
markdown_hierarchical,dense,3,1,q_0096,monster,1.0,1.0,1.0,1.0,0.0,0.0,0.0,0.9584,0.0,9.106399999836867,0.0
markdown_hierarchical,dense,5,1,q_0096,monster,1.0,1.0,1.0,1.0,0.0,0.0,0.0,0.9584,0.0,9.106399999836867,0.0
markdown_hierarchical,dense,10,1,q_0096,monster,1.0,1.0,1.0,1.0,0.0,0.0,0.0,0.9584,0.0,9.106399999836867,0.0
markdown_hierarchical,dense,20,1,q_0096,monster,1.0,1.0,1.0,1.0,0.0,0.0,0.0,0.9584,0.0,9.106399999836867,0.0
markdown_hierarchical,dense,1,1,q_0097,monster,0.0,0.3333333333333333,0.0,0.0,0.0,0.0,0.0,0.9584,0.0,9.933799999998882,0.0
markdown_hierarchical,dense,3,1,q_0097,monster,1.0,0.3333333333333333,0.5,1.0,0.0,0.0,0.0,0.9584,0.0,9.933799999998882,0.0
markdown_hierarchical,dense,5,1,q_0097,monster,1.0,0.3333333333333333,0.5,1.0,0.0,0.0,0.0,0.9584,0.0,9.933799999998882,0.0
markdown_hierarchical,dense,10,1,q_0097,monster,1.0,0.3333333333333333,0.5,1.0,0.0,0.0,0.0,0.9584,0.0,9.933799999998882,0.0
markdown_hierarchical,dense,20,1,q_0097,monster,1.0,0.3333333333333333,0.5,1.0,0.0,0.0,0.0,0.9584,0.0,9.933799999998882,0.0
markdown_hierarchical,dense,1,1,q_0098,monster,1.0,1.0,1.0,1.0,0.0,0.0,0.0,0.9584,0.0,11.013000000275497,0.0
markdown_hierarchical,dense,3,1,q_0098,monster,1.0,1.0,1.0,1.0,0.0,0.0,0.0,0.9584,0.0,11.013000000275497,0.0
markdown_hierarchical,dense,5,1,q_0098,monster,1.0,1.0,1.0,1.0,0.0,0.0,0.0,0.9584,0.0,11.013000000275497,0.0
markdown_hierarchical,dense,10,1,q_0098,monster,1.0,1.0,1.0,1.0,0.0,0.0,0.0,0.9584,0.0,11.013000000275497,0.0
markdown_hierarchical,dense,20,1,q_0098,monster,1.0,1.0,1.0,1.0,0.0,0.0,0.0,0.9584,0.0,11.013000000275497,0.0
markdown_hierarchical,dense,1,1,q_0099,monster,1.0,1.0,1.0,1.0,0.0,0.0,0.0,0.9584,0.0,5.995100000291131,0.0
markdown_hierarchical,dense,3,1,q_0099,monster,1.0,1.0,1.0,1.0,0.0,0.0,0.0,0.9584,0.0,5.995100000291131,0.0
markdown_hierarchical,dense,5,1,q_0099,monster,1.0,1.0,1.0,1.0,0.0,0.0,0.0,0.9584,0.0,5.995100000291131,0.0
markdown_hierarchical,dense,10,1,q_0099,monster,1.0,1.0,1.0,1.0,0.0,0.0,0.0,0.9584,0.0,5.995100000291131,0.0
markdown_hierarchical,dense,20,1,q_0099,monster,1.0,1.0,1.0,1.0,0.0,0.0,0.0,0.9584,0.0,5.995100000291131,0.0
markdown_hierarchical,dense,1,1,q_0100,monster,1.0,1.0,1.0,1.0,0.0,0.0,0.0,0.9584,0.0,8.366299999579496,0.0
markdown_hierarchical,dense,3,1,q_0100,monster,1.0,1.0,1.0,1.0,0.0,0.0,0.0,0.9584,0.0,8.366299999579496,0.0
markdown_hierarchical,dense,5,1,q_0100,monster,1.0,1.0,1.0,1.0,0.0,0.0,0.0,0.9584,0.0,8.366299999579496,0.0
markdown_hierarchical,dense,10,1,q_0100,monster,1.0,1.0,1.0,1.0,0.0,0.0,0.0,0.9584,0.0,8.366299999579496,0.0
markdown_hierarchical,dense,20,1,q_0100,monster,1.0,1.0,1.0,1.0,0.0,0.0,0.0,0.9584,0.0,8.366299999579496,0.0
markdown_hierarchical,dense,1,1,q_0101,monster,0.0,0.0,0.0,0.0,0.0,0.0,0.0,0.9584,0.0,6.723800000145275,0.0
markdown_hierarchical,dense,3,1,q_0101,monster,0.0,0.0,0.0,0.0,0.0,0.0,0.0,0.9584,0.0,6.723800000145275,0.0
markdown_hierarchical,dense,5,1,q_0101,monster,0.0,0.0,0.0,0.0,0.0,0.0,0.0,0.9584,0.0,6.723800000145275,0.0
markdown_hierarchical,dense,10,1,q_0101,monster,0.0,0.0,0.0,0.0,0.0,0.0,0.0,0.9584,0.0,6.723800000145275,0.0
markdown_hierarchical,dense,20,1,q_0101,monster,0.0,0.0,0.0,0.0,0.0,0.0,0.0,0.9584,0.0,6.723800000145275,0.0
markdown_hierarchical,dense,1,1,q_0106,numeric,0.0,0.5,0.0,0.0,0.0,0.0,0.0,0.9584,0.0,12.453600000299048,0.0
markdown_hierarchical,dense,3,1,q_0106,numeric,1.0,0.5,0.6309297535714575,1.0,0.0,0.0,0.0,0.9584,0.0,12.453600000299048,0.0
markdown_hierarchical,dense,5,1,q_0106,numeric,1.0,0.5,0.6309297535714575,1.0,0.0,0.0,0.0,0.9584,0.0,12.453600000299048,0.0
markdown_hierarchical,dense,10,1,q_0106,numeric,1.0,0.5,0.6309297535714575,1.0,0.0,0.0,0.0,0.9584,0.0,12.453600000299048,0.0
markdown_hierarchical,dense,20,1,q_0106,numeric,1.0,0.5,0.5311931216172628,1.0,0.0,0.0,0.0,0.9584,0.0,12.453600000299048,0.0
markdown_hierarchical,dense,1,1,q_0107,numeric,1.0,1.0,1.0,1.0,0.0,0.0,0.0,0.9584,0.0,8.128600000418373,0.0
markdown_hierarchical,dense,3,1,q_0107,numeric,1.0,1.0,1.0,1.0,0.0,0.0,0.0,0.9584,0.0,8.128600000418373,0.0
markdown_hierarchical,dense,5,1,q_0107,numeric,1.0,1.0,0.8772153153380493,1.0,0.0,0.0,0.0,0.9584,0.0,8.128600000418373,0.0
markdown_hierarchical,dense,10,1,q_0107,numeric,1.0,1.0,0.8772153153380493,1.0,0.0,0.0,0.0,0.9584,0.0,8.128600000418373,0.0
markdown_hierarchical,dense,20,1,q_0107,numeric,1.0,1.0,0.7782268767850943,1.0,0.0,0.0,0.0,0.9584,0.0,8.128600000418373,0.0
markdown_hierarchical,dense,1,1,q_0108,numeric,1.0,1.0,1.0,1.0,0.0,0.0,0.0,0.9584,0.0,8.080599999630067,0.0
markdown_hierarchical,dense,3,1,q_0108,numeric,1.0,1.0,1.0,1.0,0.0,0.0,0.0,0.9584,0.0,8.080599999630067,0.0
markdown_hierarchical,dense,5,1,q_0108,numeric,1.0,1.0,1.0,1.0,0.0,0.0,0.0,0.9584,0.0,8.080599999630067,0.0
markdown_hierarchical,dense,10,1,q_0108,numeric,1.0,1.0,1.0,1.0,0.0,0.0,0.0,0.9584,0.0,8.080599999630067,0.0
markdown_hierarchical,dense,20,1,q_0108,numeric,1.0,1.0,1.0,1.0,0.0,0.0,0.0,0.9584,0.0,8.080599999630067,0.0
markdown_hierarchical,dense,1,1,q_0109,numeric,1.0,1.0,1.0,1.0,0.0,0.0,0.0,0.9584,0.0,10.79570000001695,0.0
markdown_hierarchical,dense,3,1,q_0109,numeric,1.0,1.0,1.0,1.0,0.0,0.0,0.0,0.9584,0.0,10.79570000001695,0.0
markdown_hierarchical,dense,5,1,q_0109,numeric,1.0,1.0,1.0,1.0,0.0,0.0,0.0,0.9584,0.0,10.79570000001695,0.0
markdown_hierarchical,dense,10,1,q_0109,numeric,1.0,1.0,1.0,1.0,0.0,0.0,0.0,0.9584,0.0,10.79570000001695,0.0
markdown_hierarchical,dense,20,1,q_0109,numeric,1.0,1.0,0.766433990956823,1.0,0.0,0.0,0.0,0.9584,0.0,10.79570000001695,0.0
markdown_hierarchical,dense,1,1,q_0110,numeric,1.0,1.0,1.0,1.0,0.0,0.0,0.0,0.9584,0.0,6.004200000461424,0.0
markdown_hierarchical,dense,3,1,q_0110,numeric,1.0,1.0,1.0,1.0,0.0,0.0,0.0,0.9584,0.0,6.004200000461424,0.0
markdown_hierarchical,dense,5,1,q_0110,numeric,1.0,1.0,1.0,1.0,0.0,0.0,0.0,0.9584,0.0,6.004200000461424,0.0
markdown_hierarchical,dense,10,1,q_0110,numeric,1.0,1.0,1.0,1.0,0.0,0.0,0.0,0.9584,0.0,6.004200000461424,0.0
markdown_hierarchical,dense,20,1,q_0110,numeric,1.0,1.0,1.0,1.0,0.0,0.0,0.0,0.9584,0.0,6.004200000461424,0.0
markdown_hierarchical,dense,1,1,q_0111,distractor,0.0,0.0,0.0,0.0,0.0,0.0,0.0,0.9584,0.0,14.56899999993766,0.0
markdown_hierarchical,dense,3,1,q_0111,distractor,0.0,0.0,0.0,0.0,0.0,0.0,0.0,0.9584,0.0,14.56899999993766,0.0
markdown_hierarchical,dense,5,1,q_0111,distractor,0.0,0.0,0.0,0.0,0.0,0.0,0.0,0.9584,0.0,14.56899999993766,0.0
markdown_hierarchical,dense,10,1,q_0111,distractor,0.0,0.0,0.0,0.0,0.0,0.0,0.0,0.9584,0.0,14.56899999993766,0.0
markdown_hierarchical,dense,20,1,q_0111,distractor,0.0,0.0,0.0,0.0,0.0,0.0,0.0,0.9584,0.0,14.56899999993766,0.0
markdown_hierarchical,dense,1,1,q_0112,distractor,0.0,0.0,0.0,0.0,0.0,0.0,0.0,0.9584,0.0,14.198199999555072,0.0
markdown_hierarchical,dense,3,1,q_0112,distractor,0.0,0.0,0.0,0.0,0.0,0.0,0.0,0.9584,0.0,14.198199999555072,0.0
markdown_hierarchical,dense,5,1,q_0112,distractor,0.0,0.0,0.0,0.0,0.0,0.0,0.0,0.9584,0.0,14.198199999555072,0.0
markdown_hierarchical,dense,10,1,q_0112,distractor,0.0,0.0,0.0,0.0,0.0,0.0,0.0,0.9584,0.0,14.198199999555072,0.0
markdown_hierarchical,dense,20,1,q_0112,distractor,0.0,0.0,0.0,0.0,0.0,0.0,0.0,0.9584,0.0,14.198199999555072,0.0
markdown_hierarchical,dense,1,1,q_0113,distractor,0.0,0.0,0.0,0.0,0.0,0.0,0.0,0.9584,0.0,11.343499999384221,0.0
markdown_hierarchical,dense,3,1,q_0113,distractor,0.0,0.0,0.0,0.0,0.0,0.0,0.0,0.9584,0.0,11.343499999384221,0.0
markdown_hierarchical,dense,5,1,q_0113,distractor,0.0,0.0,0.0,0.0,0.0,0.0,0.0,0.9584,0.0,11.343499999384221,0.0
markdown_hierarchical,dense,10,1,q_0113,distractor,0.0,0.0,0.0,0.0,0.0,0.0,0.0,0.9584,0.0,11.343499999384221,0.0
markdown_hierarchical,dense,20,1,q_0113,distractor,0.0,0.0,0.0,0.0,0.0,0.0,0.0,0.9584,0.0,11.343499999384221,0.0
markdown_hierarchical,dense,1,1,q_0114,distractor,0.0,0.0,0.0,0.0,0.0,0.0,0.0,0.9584,0.0,13.324800000191317,0.0
markdown_hierarchical,dense,3,1,q_0114,distractor,0.0,0.0,0.0,0.0,0.0,0.0,0.0,0.9584,0.0,13.324800000191317,0.0
markdown_hierarchical,dense,5,1,q_0114,distractor,0.0,0.0,0.0,0.0,0.0,0.0,0.0,0.9584,0.0,13.324800000191317,0.0
markdown_hierarchical,dense,10,1,q_0114,distractor,0.0,0.0,0.0,0.0,0.0,0.0,0.0,0.9584,0.0,13.324800000191317,0.0
markdown_hierarchical,dense,20,1,q_0114,distractor,0.0,0.0,0.0,0.0,0.0,0.0,0.0,0.9584,0.0,13.324800000191317,0.0
markdown_hierarchical,dense,1,1,q_0115,distractor,0.0,0.0,0.0,0.0,0.0,0.0,0.0,0.9584,0.0,12.994599999728962,0.0
markdown_hierarchical,dense,3,1,q_0115,distractor,0.0,0.0,0.0,0.0,0.0,0.0,0.0,0.9584,0.0,12.994599999728962,0.0
markdown_hierarchical,dense,5,1,q_0115,distractor,0.0,0.0,0.0,0.0,0.0,0.0,0.0,0.9584,0.0,12.994599999728962,0.0
markdown_hierarchical,dense,10,1,q_0115,distractor,0.0,0.0,0.0,0.0,0.0,0.0,0.0,0.9584,0.0,12.994599999728962,0.0
markdown_hierarchical,dense,20,1,q_0115,distractor,0.0,0.0,0.0,0.0,0.0,0.0,0.0,0.9584,0.0,12.994599999728962,0.0
markdown_hierarchical,dense,1,1,q_0116,distractor,0.0,0.0,0.0,0.0,0.0,0.0,0.0,0.9584,0.0,11.299799999505922,0.0
markdown_hierarchical,dense,3,1,q_0116,distractor,0.0,0.0,0.0,0.0,0.0,0.0,0.0,0.9584,0.0,11.299799999505922,0.0
markdown_hierarchical,dense,5,1,q_0116,distractor,0.0,0.0,0.0,0.0,0.0,0.0,0.0,0.9584,0.0,11.299799999505922,0.0
markdown_hierarchical,dense,10,1,q_0116,distractor,0.0,0.0,0.0,0.0,0.0,0.0,0.0,0.9584,0.0,11.299799999505922,0.0
markdown_hierarchical,dense,20,1,q_0116,distractor,0.0,0.0,0.0,0.0,0.0,0.0,0.0,0.9584,0.0,11.299799999505922,0.0
markdown_hierarchical,dense,1,1,q_0117,distractor,0.0,0.0,0.0,0.0,0.0,0.0,0.0,0.9584,0.0,7.773100000122213,0.0
markdown_hierarchical,dense,3,1,q_0117,distractor,0.0,0.0,0.0,0.0,0.0,0.0,0.0,0.9584,0.0,7.773100000122213,0.0
markdown_hierarchical,dense,5,1,q_0117,distractor,0.0,0.0,0.0,0.0,0.0,0.0,0.0,0.9584,0.0,7.773100000122213,0.0
markdown_hierarchical,dense,10,1,q_0117,distractor,0.0,0.0,0.0,0.0,0.0,0.0,0.0,0.9584,0.0,7.773100000122213,0.0
markdown_hierarchical,dense,20,1,q_0117,distractor,0.0,0.0,0.0,0.0,0.0,0.0,0.0,0.9584,0.0,7.773100000122213,0.0
markdown_hierarchical,dense,1,1,q_0118,distractor,0.0,0.0,0.0,0.0,0.0,0.0,0.0,0.9584,0.0,10.438500000418571,0.0
markdown_hierarchical,dense,3,1,q_0118,distractor,0.0,0.0,0.0,0.0,0.0,0.0,0.0,0.9584,0.0,10.438500000418571,0.0
markdown_hierarchical,dense,5,1,q_0118,distractor,0.0,0.0,0.0,0.0,0.0,0.0,0.0,0.9584,0.0,10.438500000418571,0.0
markdown_hierarchical,dense,10,1,q_0118,distractor,0.0,0.0,0.0,0.0,0.0,0.0,0.0,0.9584,0.0,10.438500000418571,0.0
markdown_hierarchical,dense,20,1,q_0118,distractor,0.0,0.0,0.0,0.0,0.0,0.0,0.0,0.9584,0.0,10.438500000418571,0.0
markdown_hierarchical,dense,1,1,q_0119,distractor,0.0,0.0,0.0,0.0,0.0,0.0,0.0,0.9584,0.0,11.846200000036333,0.0
markdown_hierarchical,dense,3,1,q_0119,distractor,0.0,0.0,0.0,0.0,0.0,0.0,0.0,0.9584,0.0,11.846200000036333,0.0
markdown_hierarchical,dense,5,1,q_0119,distractor,0.0,0.0,0.0,0.0,0.0,0.0,0.0,0.9584,0.0,11.846200000036333,0.0
markdown_hierarchical,dense,10,1,q_0119,distractor,0.0,0.0,0.0,0.0,0.0,0.0,0.0,0.9584,0.0,11.846200000036333,0.0
markdown_hierarchical,dense,20,1,q_0119,distractor,0.0,0.0,0.0,0.0,0.0,0.0,0.0,0.9584,0.0,11.846200000036333,0.0
markdown_hierarchical,dense,1,1,q_0120,distractor,0.0,0.0,0.0,0.0,0.0,0.0,0.0,0.9584,0.0,12.081199999556702,0.0
markdown_hierarchical,dense,3,1,q_0120,distractor,0.0,0.0,0.0,0.0,0.0,0.0,0.0,0.9584,0.0,12.081199999556702,0.0
markdown_hierarchical,dense,5,1,q_0120,distractor,0.0,0.0,0.0,0.0,0.0,0.0,0.0,0.9584,0.0,12.081199999556702,0.0
markdown_hierarchical,dense,10,1,q_0120,distractor,0.0,0.0,0.0,0.0,0.0,0.0,0.0,0.9584,0.0,12.081199999556702,0.0
markdown_hierarchical,dense,20,1,q_0120,distractor,0.0,0.0,0.0,0.0,0.0,0.0,0.0,0.9584,0.0,12.081199999556702,0.0
table_aware,dense,1,1,q_0001,lore,1.0,1.0,1.0,1.0,0.0,0.0,0.0,0.9773,0.0,23.517000000538246,0.0
table_aware,dense,3,1,q_0001,lore,1.0,1.0,1.0,1.0,0.0,0.0,0.0,0.9773,0.0,23.517000000538246,0.0
table_aware,dense,5,1,q_0001,lore,1.0,1.0,1.0,1.0,0.0,0.0,0.0,0.9773,0.0,23.517000000538246,0.0
table_aware,dense,10,1,q_0001,lore,1.0,1.0,0.7844801364718913,1.0,0.0,0.0,0.0,0.9773,0.0,23.517000000538246,0.0
table_aware,dense,20,1,q_0001,lore,1.0,1.0,0.7479188524952083,1.0,0.0,0.0,0.0,0.9773,0.0,23.517000000538246,0.0
table_aware,dense,1,1,q_0004,lore,0.0,0.1,0.0,0.0,0.0,0.0,0.0,0.9773,0.0,7.202499999948486,0.0
table_aware,dense,3,1,q_0004,lore,0.0,0.1,0.0,0.0,0.0,0.0,0.0,0.9773,0.0,7.202499999948486,0.0
table_aware,dense,5,1,q_0004,lore,0.0,0.1,0.0,0.0,0.0,0.0,0.0,0.9773,0.0,7.202499999948486,0.0
table_aware,dense,10,1,q_0004,lore,1.0,0.1,0.2890648263178879,1.0,0.0,0.0,0.0,0.9773,0.0,7.202499999948486,0.0
table_aware,dense,20,1,q_0004,lore,1.0,0.1,0.2890648263178879,1.0,0.0,0.0,0.0,0.9773,0.0,7.202499999948486,0.0
table_aware,dense,1,1,q_0005,lore,1.0,1.0,1.0,1.0,0.0,0.0,0.0,0.9773,0.0,14.153299999634328,0.0
table_aware,dense,3,1,q_0005,lore,1.0,1.0,1.0,1.0,0.0,0.0,0.0,0.9773,0.0,14.153299999634328,0.0
table_aware,dense,5,1,q_0005,lore,1.0,1.0,1.0,1.0,0.0,0.0,0.0,0.9773,0.0,14.153299999634328,0.0
table_aware,dense,10,1,q_0005,lore,1.0,1.0,1.0,1.0,0.0,0.0,0.0,0.9773,0.0,14.153299999634328,0.0
table_aware,dense,20,1,q_0005,lore,1.0,1.0,0.8778995257840893,1.0,0.0,0.0,0.0,0.9773,0.0,14.153299999634328,0.0
table_aware,dense,1,1,q_0006,lore,1.0,1.0,1.0,1.0,0.0,0.0,0.0,0.9773,0.0,14.255900000534893,0.0
table_aware,dense,3,1,q_0006,lore,1.0,1.0,1.0,1.0,0.0,0.0,0.0,0.9773,0.0,14.255900000534893,0.0
table_aware,dense,5,1,q_0006,lore,1.0,1.0,1.0,1.0,0.0,0.0,0.0,0.9773,0.0,14.255900000534893,0.0
table_aware,dense,10,1,q_0006,lore,1.0,1.0,1.0,1.0,0.0,0.0,0.0,0.9773,0.0,14.255900000534893,0.0
table_aware,dense,20,1,q_0006,lore,1.0,1.0,1.0,1.0,0.0,0.0,0.0,0.9773,0.0,14.255900000534893,0.0
table_aware,dense,1,1,q_0007,lore,0.0,0.16666666666666666,0.0,0.0,0.0,0.0,0.0,0.9773,0.0,14.300400000138325,0.0
table_aware,dense,3,1,q_0007,lore,0.0,0.16666666666666666,0.0,0.0,0.0,0.0,0.0,0.9773,0.0,14.300400000138325,0.0
table_aware,dense,5,1,q_0007,lore,0.0,0.16666666666666666,0.0,0.0,0.0,0.0,0.0,0.9773,0.0,14.300400000138325,0.0
table_aware,dense,10,1,q_0007,lore,1.0,0.16666666666666666,0.3562071871080222,1.0,0.0,0.0,0.0,0.9773,0.0,14.300400000138325,0.0
table_aware,dense,20,1,q_0007,lore,1.0,0.16666666666666666,0.3562071871080222,1.0,0.0,0.0,0.0,0.9773,0.0,14.300400000138325,0.0
table_aware,dense,1,1,q_0008,lore,0.0,0.3333333333333333,0.0,0.0,0.0,0.0,0.0,0.9773,0.0,13.36870000068302,0.0
table_aware,dense,3,1,q_0008,lore,1.0,0.3333333333333333,0.5,1.0,0.0,0.0,0.0,0.9773,0.0,13.36870000068302,0.0
table_aware,dense,5,1,q_0008,lore,1.0,0.3333333333333333,0.5,1.0,0.0,0.0,0.0,0.9773,0.0,13.36870000068302,0.0
table_aware,dense,10,1,q_0008,lore,1.0,0.3333333333333333,0.5,1.0,0.0,0.0,0.0,0.9773,0.0,13.36870000068302,0.0
table_aware,dense,20,1,q_0008,lore,1.0,0.3333333333333333,0.5,1.0,0.0,0.0,0.0,0.9773,0.0,13.36870000068302,0.0
table_aware,dense,1,1,q_0009,lore,1.0,1.0,1.0,1.0,0.0,0.0,0.0,0.9773,0.0,15.13249999970867,0.0
table_aware,dense,3,1,q_0009,lore,1.0,1.0,1.0,1.0,0.0,0.0,0.0,0.9773,0.0,15.13249999970867,0.0
table_aware,dense,5,1,q_0009,lore,1.0,1.0,0.8503449055347546,1.0,0.0,0.0,0.0,0.9773,0.0,15.13249999970867,0.0
table_aware,dense,10,1,q_0009,lore,1.0,1.0,0.8503449055347546,1.0,0.0,0.0,0.0,0.9773,0.0,15.13249999970867,0.0
table_aware,dense,20,1,q_0009,lore,1.0,1.0,0.8503449055347546,1.0,0.0,0.0,0.0,0.9773,0.0,15.13249999970867,0.0
table_aware,dense,1,1,q_0010,lore,1.0,1.0,1.0,1.0,0.0,0.0,0.0,0.9773,0.0,11.930900000152178,0.0
table_aware,dense,3,1,q_0010,lore,1.0,1.0,1.0,1.0,0.0,0.0,0.0,0.9773,0.0,11.930900000152178,0.0
table_aware,dense,5,1,q_0010,lore,1.0,1.0,1.0,1.0,0.0,0.0,0.0,0.9773,0.0,11.930900000152178,0.0
table_aware,dense,10,1,q_0010,lore,1.0,1.0,1.0,1.0,0.0,0.0,0.0,0.9773,0.0,11.930900000152178,0.0
table_aware,dense,20,1,q_0010,lore,1.0,1.0,1.0,1.0,0.0,0.0,0.0,0.9773,0.0,11.930900000152178,0.0
table_aware,dense,1,1,q_0011,lore,1.0,1.0,1.0,1.0,0.0,0.0,0.0,0.9773,0.0,7.660299999770359,0.0
table_aware,dense,3,1,q_0011,lore,1.0,1.0,1.0,1.0,0.0,0.0,0.0,0.9773,0.0,7.660299999770359,0.0
table_aware,dense,5,1,q_0011,lore,1.0,1.0,1.0,1.0,0.0,0.0,0.0,0.9773,0.0,7.660299999770359,0.0
table_aware,dense,10,1,q_0011,lore,1.0,1.0,1.0,1.0,0.0,0.0,0.0,0.9773,0.0,7.660299999770359,0.0
table_aware,dense,20,1,q_0011,lore,1.0,1.0,1.0,1.0,0.0,0.0,0.0,0.9773,0.0,7.660299999770359,0.0
table_aware,dense,1,1,q_0012,lore,1.0,1.0,1.0,1.0,0.0,0.0,0.0,0.9773,0.0,13.708800000131305,0.0
table_aware,dense,3,1,q_0012,lore,1.0,1.0,1.0,1.0,0.0,0.0,0.0,0.9773,0.0,13.708800000131305,0.0
table_aware,dense,5,1,q_0012,lore,1.0,1.0,1.0,1.0,0.0,0.0,0.0,0.9773,0.0,13.708800000131305,0.0
table_aware,dense,10,1,q_0012,lore,1.0,1.0,0.8843252268199594,1.0,0.0,0.0,0.0,0.9773,0.0,13.708800000131305,0.0
table_aware,dense,20,1,q_0012,lore,1.0,1.0,0.8209290522279262,1.0,0.0,0.0,0.0,0.9773,0.0,13.708800000131305,0.0
table_aware,dense,1,1,q_0013,lore,1.0,1.0,1.0,1.0,0.0,0.0,0.0,0.9773,0.0,14.293499999439518,0.0
table_aware,dense,3,1,q_0013,lore,1.0,1.0,1.0,1.0,0.0,0.0,0.0,0.9773,0.0,14.293499999439518,0.0
table_aware,dense,5,1,q_0013,lore,1.0,1.0,0.9674679834891693,1.0,0.0,0.0,0.0,0.9773,0.0,14.293499999439518,0.0
table_aware,dense,10,1,q_0013,lore,1.0,1.0,0.9674679834891693,1.0,0.0,0.0,0.0,0.9773,0.0,14.293499999439518,0.0
table_aware,dense,20,1,q_0013,lore,1.0,1.0,0.8393465546181869,1.0,0.0,0.0,0.0,0.9773,0.0,14.293499999439518,0.0
table_aware,dense,1,1,q_0014,lore,1.0,1.0,1.0,1.0,0.0,0.0,0.0,0.9773,0.0,7.244600000376522,0.0
table_aware,dense,3,1,q_0014,lore,1.0,1.0,0.9197207891481876,1.0,0.0,0.0,0.0,0.9773,0.0,7.244600000376522,0.0
table_aware,dense,5,1,q_0014,lore,1.0,1.0,0.9197207891481876,1.0,0.0,0.0,0.0,0.9773,0.0,7.244600000376522,0.0
table_aware,dense,10,1,q_0014,lore,1.0,1.0,0.9197207891481876,1.0,0.0,0.0,0.0,0.9773,0.0,7.244600000376522,0.0
table_aware,dense,20,1,q_0014,lore,1.0,1.0,0.9197207891481876,1.0,0.0,0.0,0.0,0.9773,0.0,7.244600000376522,0.0
table_aware,dense,1,1,q_0016,lore,0.0,0.25,0.0,0.0,0.0,0.0,0.0,0.9773,0.0,14.864699999634468,0.0
table_aware,dense,3,1,q_0016,lore,0.0,0.25,0.0,0.0,0.0,0.0,0.0,0.9773,0.0,14.864699999634468,0.0
table_aware,dense,5,1,q_0016,lore,1.0,0.25,0.43067655807339306,1.0,0.0,0.0,0.0,0.9773,0.0,14.864699999634468,0.0
table_aware,dense,10,1,q_0016,lore,1.0,0.25,0.43067655807339306,1.0,0.0,0.0,0.0,0.9773,0.0,14.864699999634468,0.0
table_aware,dense,20,1,q_0016,lore,1.0,0.25,0.43067655807339306,1.0,0.0,0.0,0.0,0.9773,0.0,14.864699999634468,0.0
table_aware,dense,1,1,q_0017,lore,0.0,0.0,0.0,0.0,0.0,0.0,0.0,0.9773,0.0,12.971099999958824,0.0
table_aware,dense,3,1,q_0017,lore,0.0,0.0,0.0,0.0,0.0,0.0,0.0,0.9773,0.0,12.971099999958824,0.0
table_aware,dense,5,1,q_0017,lore,0.0,0.0,0.0,0.0,0.0,0.0,0.0,0.9773,0.0,12.971099999958824,0.0
table_aware,dense,10,1,q_0017,lore,0.0,0.0,0.0,0.0,0.0,0.0,0.0,0.9773,0.0,12.971099999958824,0.0
table_aware,dense,20,1,q_0017,lore,0.0,0.0,0.0,0.0,0.0,0.0,0.0,0.9773,0.0,12.971099999958824,0.0
table_aware,dense,1,1,q_0018,lore,0.0,0.0,0.0,0.0,0.0,0.0,0.0,0.9773,0.0,13.050100000327802,0.0
table_aware,dense,3,1,q_0018,lore,0.0,0.0,0.0,0.0,0.0,0.0,0.0,0.9773,0.0,13.050100000327802,0.0
table_aware,dense,5,1,q_0018,lore,0.0,0.0,0.0,0.0,0.0,0.0,0.0,0.9773,0.0,13.050100000327802,0.0
table_aware,dense,10,1,q_0018,lore,0.0,0.0,0.0,0.0,0.0,0.0,0.0,0.9773,0.0,13.050100000327802,0.0
table_aware,dense,20,1,q_0018,lore,0.0,0.0,0.0,0.0,0.0,0.0,0.0,0.9773,0.0,13.050100000327802,0.0
table_aware,dense,1,1,q_0019,lore,1.0,1.0,1.0,1.0,0.0,0.0,0.0,0.9773,0.0,13.231500000074448,0.0
table_aware,dense,3,1,q_0019,lore,1.0,1.0,1.0,1.0,0.0,0.0,0.0,0.9773,0.0,13.231500000074448,0.0
table_aware,dense,5,1,q_0019,lore,1.0,1.0,1.0,1.0,0.0,0.0,0.0,0.9773,0.0,13.231500000074448,0.0
table_aware,dense,10,1,q_0019,lore,1.0,1.0,1.0,1.0,0.0,0.0,0.0,0.9773,0.0,13.231500000074448,0.0
table_aware,dense,20,1,q_0019,lore,1.0,1.0,1.0,1.0,0.0,0.0,0.0,0.9773,0.0,13.231500000074448,0.0
table_aware,dense,1,1,q_0020,lore,1.0,1.0,1.0,1.0,0.0,0.0,0.0,0.9773,0.0,6.484900000032212,0.0
table_aware,dense,3,1,q_0020,lore,1.0,1.0,1.0,1.0,0.0,0.0,0.0,0.9773,0.0,6.484900000032212,0.0
table_aware,dense,5,1,q_0020,lore,1.0,1.0,1.0,1.0,0.0,0.0,0.0,0.9773,0.0,6.484900000032212,0.0
table_aware,dense,10,1,q_0020,lore,1.0,1.0,1.0,1.0,0.0,0.0,0.0,0.9773,0.0,6.484900000032212,0.0
table_aware,dense,20,1,q_0020,lore,1.0,1.0,1.0,1.0,0.0,0.0,0.0,0.9773,0.0,6.484900000032212,0.0
table_aware,dense,1,1,q_0021,lore,0.0,0.5,0.0,0.0,0.0,0.0,0.0,0.9773,0.0,12.710399999377842,0.0
table_aware,dense,3,1,q_0021,lore,1.0,0.5,0.6309297535714575,1.0,0.0,0.0,0.0,0.9773,0.0,12.710399999377842,0.0
table_aware,dense,5,1,q_0021,lore,1.0,0.5,0.6309297535714575,1.0,0.0,0.0,0.0,0.9773,0.0,12.710399999377842,0.0
table_aware,dense,10,1,q_0021,lore,1.0,0.5,0.6309297535714575,1.0,0.0,0.0,0.0,0.9773,0.0,12.710399999377842,0.0
table_aware,dense,20,1,q_0021,lore,1.0,0.5,0.6309297535714575,1.0,0.0,0.0,0.0,0.9773,0.0,12.710399999377842,0.0
table_aware,dense,1,1,q_0022,lore,1.0,1.0,1.0,1.0,0.0,0.0,0.0,0.9773,0.0,4.165800000009767,0.0
table_aware,dense,3,1,q_0022,lore,1.0,1.0,1.0,1.0,0.0,0.0,0.0,0.9773,0.0,4.165800000009767,0.0
table_aware,dense,5,1,q_0022,lore,1.0,1.0,1.0,1.0,0.0,0.0,0.0,0.9773,0.0,4.165800000009767,0.0
table_aware,dense,10,1,q_0022,lore,1.0,1.0,0.777079017590005,1.0,0.0,0.0,0.0,0.9773,0.0,4.165800000009767,0.0
table_aware,dense,20,1,q_0022,lore,1.0,1.0,0.759328082166174,1.0,0.0,0.0,0.0,0.9773,0.0,4.165800000009767,0.0
table_aware,dense,1,1,q_0023,lore,1.0,1.0,1.0,1.0,0.0,0.0,0.0,0.9773,0.0,10.964899999635236,0.0
table_aware,dense,3,1,q_0023,lore,1.0,1.0,1.0,1.0,0.0,0.0,0.0,0.9773,0.0,10.964899999635236,0.0
table_aware,dense,5,1,q_0023,lore,1.0,1.0,1.0,1.0,0.0,0.0,0.0,0.9773,0.0,10.964899999635236,0.0
table_aware,dense,10,1,q_0023,lore,1.0,1.0,1.0,1.0,0.0,0.0,0.0,0.9773,0.0,10.964899999635236,0.0
table_aware,dense,20,1,q_0023,lore,1.0,1.0,1.0,1.0,0.0,0.0,0.0,0.9773,0.0,10.964899999635236,0.0
table_aware,dense,1,1,q_0024,lore,0.0,0.5,0.0,0.0,0.0,0.0,0.0,0.9773,0.0,12.088200000107463,0.0
table_aware,dense,3,1,q_0024,lore,1.0,0.5,0.6309297535714575,1.0,0.0,0.0,0.0,0.9773,0.0,12.088200000107463,0.0
table_aware,dense,5,1,q_0024,lore,1.0,0.5,0.6309297535714575,1.0,0.0,0.0,0.0,0.9773,0.0,12.088200000107463,0.0
table_aware,dense,10,1,q_0024,lore,1.0,0.5,0.6309297535714575,1.0,0.0,0.0,0.0,0.9773,0.0,12.088200000107463,0.0
table_aware,dense,20,1,q_0024,lore,1.0,0.5,0.6309297535714575,1.0,0.0,0.0,0.0,0.9773,0.0,12.088200000107463,0.0
table_aware,dense,1,1,q_0025,lore,1.0,1.0,1.0,1.0,0.0,0.0,0.0,0.9773,0.0,6.142600000202947,0.0
table_aware,dense,3,1,q_0025,lore,1.0,1.0,1.0,1.0,0.0,0.0,0.0,0.9773,0.0,6.142600000202947,0.0
table_aware,dense,5,1,q_0025,lore,1.0,1.0,1.0,1.0,0.0,0.0,0.0,0.9773,0.0,6.142600000202947,0.0
table_aware,dense,10,1,q_0025,lore,1.0,1.0,1.0,1.0,0.0,0.0,0.0,0.9773,0.0,6.142600000202947,0.0
table_aware,dense,20,1,q_0025,lore,1.0,1.0,1.0,1.0,0.0,0.0,0.0,0.9773,0.0,6.142600000202947,0.0
table_aware,dense,1,1,q_0026,lore,1.0,1.0,1.0,1.0,0.0,0.0,0.0,0.9773,0.0,11.44890000068699,0.0
table_aware,dense,3,1,q_0026,lore,1.0,1.0,1.0,1.0,0.0,0.0,0.0,0.9773,0.0,11.44890000068699,0.0
table_aware,dense,5,1,q_0026,lore,1.0,1.0,1.0,1.0,0.0,0.0,0.0,0.9773,0.0,11.44890000068699,0.0
table_aware,dense,10,1,q_0026,lore,1.0,1.0,1.0,1.0,0.0,0.0,0.0,0.9773,0.0,11.44890000068699,0.0
table_aware,dense,20,1,q_0026,lore,1.0,1.0,1.0,1.0,0.0,0.0,0.0,0.9773,0.0,11.44890000068699,0.0
table_aware,dense,1,1,q_0027,lore,0.0,0.25,0.0,0.0,0.0,0.0,0.0,0.9773,0.0,5.966199999420496,0.0
table_aware,dense,3,1,q_0027,lore,0.0,0.25,0.0,0.0,0.0,0.0,0.0,0.9773,0.0,5.966199999420496,0.0
table_aware,dense,5,1,q_0027,lore,1.0,0.25,0.43067655807339306,1.0,0.0,0.0,0.0,0.9773,0.0,5.966199999420496,0.0
table_aware,dense,10,1,q_0027,lore,1.0,0.25,0.43067655807339306,1.0,0.0,0.0,0.0,0.9773,0.0,5.966199999420496,0.0
table_aware,dense,20,1,q_0027,lore,1.0,0.25,0.43067655807339306,1.0,0.0,0.0,0.0,0.9773,0.0,5.966199999420496,0.0
table_aware,dense,1,1,q_0028,lore,1.0,1.0,1.0,1.0,0.0,0.0,0.0,0.9773,0.0,10.325399999601359,0.0
table_aware,dense,3,1,q_0028,lore,1.0,1.0,1.0,1.0,0.0,0.0,0.0,0.9773,0.0,10.325399999601359,0.0
table_aware,dense,5,1,q_0028,lore,1.0,1.0,0.8772153153380493,1.0,0.0,0.0,0.0,0.9773,0.0,10.325399999601359,0.0
table_aware,dense,10,1,q_0028,lore,1.0,1.0,0.8772153153380493,1.0,0.0,0.0,0.0,0.9773,0.0,10.325399999601359,0.0
table_aware,dense,20,1,q_0028,lore,1.0,1.0,0.8772153153380493,1.0,0.0,0.0,0.0,0.9773,0.0,10.325399999601359,0.0
table_aware,dense,1,1,q_0029,mechanical,1.0,1.0,1.0,1.0,0.0,0.0,0.0,0.9773,0.0,11.464999999589054,0.0
table_aware,dense,3,1,q_0029,mechanical,1.0,1.0,1.0,1.0,0.0,0.0,0.0,0.9773,0.0,11.464999999589054,0.0
table_aware,dense,5,1,q_0029,mechanical,1.0,1.0,1.0,1.0,0.0,0.0,0.0,0.9773,0.0,11.464999999589054,0.0
table_aware,dense,10,1,q_0029,mechanical,1.0,1.0,1.0,1.0,0.0,0.0,0.0,0.9773,0.0,11.464999999589054,0.0
table_aware,dense,20,1,q_0029,mechanical,1.0,1.0,1.0,1.0,0.0,0.0,0.0,0.9773,0.0,11.464999999589054,0.0
table_aware,dense,1,1,q_0030,mechanical,1.0,1.0,1.0,1.0,0.0,0.0,0.0,0.9773,0.0,9.778800000276533,0.0
table_aware,dense,3,1,q_0030,mechanical,1.0,1.0,1.0,1.0,0.0,0.0,0.0,0.9773,0.0,9.778800000276533,0.0
table_aware,dense,5,1,q_0030,mechanical,1.0,1.0,0.9469024295259745,1.0,0.0,0.0,0.0,0.9773,0.0,9.778800000276533,0.0
table_aware,dense,10,1,q_0030,mechanical,1.0,1.0,0.9052181617170642,1.0,0.0,0.0,0.0,0.9773,0.0,9.778800000276533,0.0
table_aware,dense,20,1,q_0030,mechanical,1.0,1.0,0.8473444851470592,1.0,0.0,0.0,0.0,0.9773,0.0,9.778800000276533,0.0
table_aware,dense,1,1,q_0031,mechanical,1.0,1.0,1.0,1.0,0.0,0.0,0.0,0.9773,0.0,14.970199999879696,0.0
table_aware,dense,3,1,q_0031,mechanical,1.0,1.0,1.0,1.0,0.0,0.0,0.0,0.9773,0.0,14.970199999879696,0.0
table_aware,dense,5,1,q_0031,mechanical,1.0,1.0,1.0,1.0,0.0,0.0,0.0,0.9773,0.0,14.970199999879696,0.0
table_aware,dense,10,1,q_0031,mechanical,1.0,1.0,1.0,1.0,0.0,0.0,0.0,0.9773,0.0,14.970199999879696,0.0
table_aware,dense,20,1,q_0031,mechanical,1.0,1.0,1.0,1.0,0.0,0.0,0.0,0.9773,0.0,14.970199999879696,0.0
table_aware,dense,1,1,q_0032,mechanical,0.0,0.5,0.0,0.0,0.0,0.0,0.0,0.9773,0.0,12.345600000116974,0.0
table_aware,dense,3,1,q_0032,mechanical,1.0,0.5,0.6309297535714575,1.0,0.0,0.0,0.0,0.9773,0.0,12.345600000116974,0.0
table_aware,dense,5,1,q_0032,mechanical,1.0,0.5,0.6309297535714575,1.0,0.0,0.0,0.0,0.9773,0.0,12.345600000116974,0.0
table_aware,dense,10,1,q_0032,mechanical,1.0,0.5,0.6309297535714575,1.0,0.0,0.0,0.0,0.9773,0.0,12.345600000116974,0.0
table_aware,dense,20,1,q_0032,mechanical,1.0,0.5,0.6309297535714575,1.0,0.0,0.0,0.0,0.9773,0.0,12.345600000116974,0.0
table_aware,dense,1,1,q_0033,mechanical,1.0,1.0,1.0,1.0,0.0,0.0,0.0,0.9773,0.0,12.542099999336642,0.0
table_aware,dense,3,1,q_0033,mechanical,1.0,1.0,1.0,1.0,0.0,0.0,0.0,0.9773,0.0,12.542099999336642,0.0
table_aware,dense,5,1,q_0033,mechanical,1.0,1.0,1.0,1.0,0.0,0.0,0.0,0.9773,0.0,12.542099999336642,0.0
table_aware,dense,10,1,q_0033,mechanical,1.0,1.0,0.7844801364718913,1.0,0.0,0.0,0.0,0.9773,0.0,12.542099999336642,0.0
table_aware,dense,20,1,q_0033,mechanical,1.0,1.0,0.7322496988474069,1.0,0.0,0.0,0.0,0.9773,0.0,12.542099999336642,0.0
table_aware,dense,1,1,q_0034,mechanical,0.0,0.25,0.0,0.0,0.0,0.0,0.0,0.9773,0.0,10.841100000106962,0.0
table_aware,dense,3,1,q_0034,mechanical,0.0,0.25,0.0,0.0,0.0,0.0,0.0,0.9773,0.0,10.841100000106962,0.0
table_aware,dense,5,1,q_0034,mechanical,1.0,0.25,0.43067655807339306,1.0,0.0,0.0,0.0,0.9773,0.0,10.841100000106962,0.0
table_aware,dense,10,1,q_0034,mechanical,1.0,0.25,0.45749452618986164,1.0,0.0,0.0,0.0,0.9773,0.0,10.841100000106962,0.0
table_aware,dense,20,1,q_0034,mechanical,1.0,0.25,0.464957596709498,1.0,0.0,0.0,0.0,0.9773,0.0,10.841100000106962,0.0
table_aware,dense,1,1,q_0035,mechanical,1.0,1.0,1.0,1.0,0.0,0.0,0.0,0.9773,0.0,8.661700000629935,0.0
table_aware,dense,3,1,q_0035,mechanical,1.0,1.0,1.0,1.0,0.0,0.0,0.0,0.9773,0.0,8.661700000629935,0.0
table_aware,dense,5,1,q_0035,mechanical,1.0,1.0,0.8529278650606567,1.0,0.0,0.0,0.0,0.9773,0.0,8.661700000629935,0.0
table_aware,dense,10,1,q_0035,mechanical,1.0,1.0,0.8529278650606567,1.0,0.0,0.0,0.0,0.9773,0.0,8.661700000629935,0.0
table_aware,dense,20,1,q_0035,mechanical,1.0,1.0,0.8529278650606567,1.0,0.0,0.0,0.0,0.9773,0.0,8.661700000629935,0.0
table_aware,dense,1,1,q_0036,mechanical,0.0,0.3333333333333333,0.0,0.0,0.0,0.0,0.0,0.9773,0.0,11.847199999465374,0.0
table_aware,dense,3,1,q_0036,mechanical,1.0,0.3333333333333333,0.5,1.0,0.0,0.0,0.0,0.9773,0.0,11.847199999465374,0.0
table_aware,dense,5,1,q_0036,mechanical,1.0,0.3333333333333333,0.5,1.0,0.0,0.0,0.0,0.9773,0.0,11.847199999465374,0.0
table_aware,dense,10,1,q_0036,mechanical,1.0,0.3333333333333333,0.4911492931622974,1.0,0.0,0.0,0.0,0.9773,0.0,11.847199999465374,0.0
table_aware,dense,20,1,q_0036,mechanical,1.0,0.3333333333333333,0.49322601737689636,1.0,0.0,0.0,0.0,0.9773,0.0,11.847199999465374,0.0
table_aware,dense,1,1,q_0037,mechanical,1.0,1.0,1.0,1.0,0.0,0.0,0.0,0.9773,0.0,5.868399999599205,0.0
table_aware,dense,3,1,q_0037,mechanical,1.0,1.0,1.0,1.0,0.0,0.0,0.0,0.9773,0.0,5.868399999599205,0.0
table_aware,dense,5,1,q_0037,mechanical,1.0,1.0,1.0,1.0,0.0,0.0,0.0,0.9773,0.0,5.868399999599205,0.0
table_aware,dense,10,1,q_0037,mechanical,1.0,1.0,1.0,1.0,0.0,0.0,0.0,0.9773,0.0,5.868399999599205,0.0
table_aware,dense,20,1,q_0037,mechanical,1.0,1.0,0.9595174265077552,1.0,0.0,0.0,0.0,0.9773,0.0,5.868399999599205,0.0
table_aware,dense,1,1,q_0038,mechanical,1.0,1.0,1.0,1.0,0.0,0.0,0.0,0.9773,0.0,10.628399999404792,0.0
table_aware,dense,3,1,q_0038,mechanical,1.0,1.0,1.0,1.0,0.0,0.0,0.0,0.9773,0.0,10.628399999404792,0.0
table_aware,dense,5,1,q_0038,mechanical,1.0,1.0,1.0,1.0,0.0,0.0,0.0,0.9773,0.0,10.628399999404792,0.0
table_aware,dense,10,1,q_0038,mechanical,1.0,1.0,1.0,1.0,0.0,0.0,0.0,0.9773,0.0,10.628399999404792,0.0
table_aware,dense,20,1,q_0038,mechanical,1.0,1.0,1.0,1.0,0.0,0.0,0.0,0.9773,0.0,10.628399999404792,0.0
table_aware,dense,1,1,q_0039,mechanical,0.0,0.0,0.0,0.0,0.0,0.0,0.0,0.9773,0.0,13.330800000403542,0.0
table_aware,dense,3,1,q_0039,mechanical,0.0,0.0,0.0,0.0,0.0,0.0,0.0,0.9773,0.0,13.330800000403542,0.0
table_aware,dense,5,1,q_0039,mechanical,0.0,0.0,0.0,0.0,0.0,0.0,0.0,0.9773,0.0,13.330800000403542,0.0
table_aware,dense,10,1,q_0039,mechanical,0.0,0.0,0.0,0.0,0.0,0.0,0.0,0.9773,0.0,13.330800000403542,0.0
table_aware,dense,20,1,q_0039,mechanical,0.0,0.0,0.0,0.0,0.0,0.0,0.0,0.9773,0.0,13.330800000403542,0.0
table_aware,dense,1,1,q_0040,mechanical,1.0,1.0,1.0,1.0,0.0,0.0,0.0,0.9773,0.0,8.44639999922947,0.0
table_aware,dense,3,1,q_0040,mechanical,1.0,1.0,1.0,1.0,0.0,0.0,0.0,0.9773,0.0,8.44639999922947,0.0
table_aware,dense,5,1,q_0040,mechanical,1.0,1.0,1.0,1.0,0.0,0.0,0.0,0.9773,0.0,8.44639999922947,0.0
table_aware,dense,10,1,q_0040,mechanical,1.0,1.0,1.0,1.0,0.0,0.0,0.0,0.9773,0.0,8.44639999922947,0.0
table_aware,dense,20,1,q_0040,mechanical,1.0,1.0,1.0,1.0,0.0,0.0,0.0,0.9773,0.0,8.44639999922947,0.0
table_aware,dense,1,1,q_0041,mechanical,1.0,1.0,1.0,1.0,0.0,0.0,0.0,0.9773,0.0,10.280999999849882,0.0
table_aware,dense,3,1,q_0041,mechanical,1.0,1.0,1.0,1.0,0.0,0.0,0.0,0.9773,0.0,10.280999999849882,0.0
table_aware,dense,5,1,q_0041,mechanical,1.0,1.0,1.0,1.0,0.0,0.0,0.0,0.9773,0.0,10.280999999849882,0.0
table_aware,dense,10,1,q_0041,mechanical,1.0,1.0,1.0,1.0,0.0,0.0,0.0,0.9773,0.0,10.280999999849882,0.0
table_aware,dense,20,1,q_0041,mechanical,1.0,1.0,1.0,1.0,0.0,0.0,0.0,0.9773,0.0,10.280999999849882,0.0
table_aware,dense,1,1,q_0042,mechanical,0.0,0.1111111111111111,0.0,0.0,0.0,0.0,0.0,0.9773,0.0,4.808400000001711,0.0
table_aware,dense,3,1,q_0042,mechanical,0.0,0.1111111111111111,0.0,0.0,0.0,0.0,0.0,0.9773,0.0,4.808400000001711,0.0
table_aware,dense,5,1,q_0042,mechanical,0.0,0.1111111111111111,0.0,0.0,0.0,0.0,0.0,0.9773,0.0,4.808400000001711,0.0
table_aware,dense,10,1,q_0042,mechanical,1.0,0.1111111111111111,0.3010299956639812,1.0,0.0,0.0,0.0,0.9773,0.0,4.808400000001711,0.0
table_aware,dense,20,1,q_0042,mechanical,1.0,0.1111111111111111,0.3010299956639812,1.0,0.0,0.0,0.0,0.9773,0.0,4.808400000001711,0.0
table_aware,dense,1,1,q_0043,mechanical,0.0,0.07692307692307693,0.0,0.0,0.0,0.0,0.0,0.9773,0.0,13.686400000551657,0.0
table_aware,dense,3,1,q_0043,mechanical,0.0,0.07692307692307693,0.0,0.0,0.0,0.0,0.0,0.9773,0.0,13.686400000551657,0.0
table_aware,dense,5,1,q_0043,mechanical,0.0,0.07692307692307693,0.0,0.0,0.0,0.0,0.0,0.9773,0.0,13.686400000551657,0.0
table_aware,dense,10,1,q_0043,mechanical,0.0,0.07692307692307693,0.0,0.0,0.0,0.0,0.0,0.9773,0.0,13.686400000551657,0.0
table_aware,dense,20,1,q_0043,mechanical,1.0,0.07692307692307693,0.26264953503719357,1.0,0.0,0.0,0.0,0.9773,0.0,13.686400000551657,0.0
table_aware,dense,1,1,q_0044,mechanical,0.0,0.125,0.0,0.0,0.0,0.0,0.0,0.9773,0.0,11.956600000303297,0.0
table_aware,dense,3,1,q_0044,mechanical,0.0,0.125,0.0,0.0,0.0,0.0,0.0,0.9773,0.0,11.956600000303297,0.0
table_aware,dense,5,1,q_0044,mechanical,0.0,0.125,0.0,0.0,0.0,0.0,0.0,0.9773,0.0,11.956600000303297,0.0
table_aware,dense,10,1,q_0044,mechanical,1.0,0.125,0.31546487678572877,1.0,0.0,0.0,0.0,0.9773,0.0,11.956600000303297,0.0
table_aware,dense,20,1,q_0044,mechanical,1.0,0.125,0.31546487678572877,1.0,0.0,0.0,0.0,0.9773,0.0,11.956600000303297,0.0
table_aware,dense,1,1,q_0045,mechanical,1.0,1.0,1.0,1.0,0.0,0.0,0.0,0.9773,0.0,10.686100000384613,0.0
table_aware,dense,3,1,q_0045,mechanical,1.0,1.0,1.0,1.0,0.0,0.0,0.0,0.9773,0.0,10.686100000384613,0.0
table_aware,dense,5,1,q_0045,mechanical,1.0,1.0,1.0,1.0,0.0,0.0,0.0,0.9773,0.0,10.686100000384613,0.0
table_aware,dense,10,1,q_0045,mechanical,1.0,1.0,1.0,1.0,0.0,0.0,0.0,0.9773,0.0,10.686100000384613,0.0
table_aware,dense,20,1,q_0045,mechanical,1.0,1.0,1.0,1.0,0.0,0.0,0.0,0.9773,0.0,10.686100000384613,0.0
table_aware,dense,1,1,q_0046,mechanical,0.0,0.0,0.0,0.0,0.0,0.0,0.0,0.9773,0.0,10.668299999451847,0.0
table_aware,dense,3,1,q_0046,mechanical,0.0,0.0,0.0,0.0,0.0,0.0,0.0,0.9773,0.0,10.668299999451847,0.0
table_aware,dense,5,1,q_0046,mechanical,0.0,0.0,0.0,0.0,0.0,0.0,0.0,0.9773,0.0,10.668299999451847,0.0
table_aware,dense,10,1,q_0046,mechanical,0.0,0.0,0.0,0.0,0.0,0.0,0.0,0.9773,0.0,10.668299999451847,0.0
table_aware,dense,20,1,q_0046,mechanical,0.0,0.0,0.0,0.0,0.0,0.0,0.0,0.9773,0.0,10.668299999451847,0.0
table_aware,dense,1,1,q_0047,mechanical,0.0,0.125,0.0,0.0,0.0,0.0,0.0,0.9773,0.0,13.89259999996284,0.0
table_aware,dense,3,1,q_0047,mechanical,0.0,0.125,0.0,0.0,0.0,0.0,0.0,0.9773,0.0,13.89259999996284,0.0
table_aware,dense,5,1,q_0047,mechanical,0.0,0.125,0.0,0.0,0.0,0.0,0.0,0.9773,0.0,13.89259999996284,0.0
table_aware,dense,10,1,q_0047,mechanical,1.0,0.125,0.31546487678572877,1.0,0.0,0.0,0.0,0.9773,0.0,13.89259999996284,0.0
table_aware,dense,20,1,q_0047,mechanical,1.0,0.125,0.35446922870647896,1.0,0.0,0.0,0.0,0.9773,0.0,13.89259999996284,0.0
table_aware,dense,1,1,q_0048,mechanical,1.0,1.0,1.0,1.0,0.0,0.0,0.0,0.9773,0.0,10.330500000236498,0.0
table_aware,dense,3,1,q_0048,mechanical,1.0,1.0,1.0,1.0,0.0,0.0,0.0,0.9773,0.0,10.330500000236498,0.0
table_aware,dense,5,1,q_0048,mechanical,1.0,1.0,0.8529278650606567,1.0,0.0,0.0,0.0,0.9773,0.0,10.330500000236498,0.0
table_aware,dense,10,1,q_0048,mechanical,1.0,1.0,0.8393423304510702,1.0,0.0,0.0,0.0,0.9773,0.0,10.330500000236498,0.0
table_aware,dense,20,1,q_0048,mechanical,1.0,1.0,0.8171932425962527,1.0,0.0,0.0,0.0,0.9773,0.0,10.330500000236498,0.0
table_aware,dense,1,1,q_0049,mechanical,0.0,0.5,0.0,0.0,0.0,0.0,0.0,0.9773,0.0,7.899899999756599,0.0
table_aware,dense,3,1,q_0049,mechanical,1.0,0.5,0.6309297535714575,1.0,0.0,0.0,0.0,0.9773,0.0,7.899899999756599,0.0
table_aware,dense,5,1,q_0049,mechanical,1.0,0.5,0.6309297535714575,1.0,0.0,0.0,0.0,0.9773,0.0,7.899899999756599,0.0
table_aware,dense,10,1,q_0049,mechanical,1.0,0.5,0.6309297535714575,1.0,0.0,0.0,0.0,0.9773,0.0,7.899899999756599,0.0
table_aware,dense,20,1,q_0049,mechanical,1.0,0.5,0.6309297535714575,1.0,0.0,0.0,0.0,0.9773,0.0,7.899899999756599,0.0
table_aware,dense,1,1,q_0050,mechanical,1.0,1.0,1.0,1.0,0.0,0.0,0.0,0.9773,0.0,12.648799999624316,0.0
table_aware,dense,3,1,q_0050,mechanical,1.0,1.0,1.0,1.0,0.0,0.0,0.0,0.9773,0.0,12.648799999624316,0.0
table_aware,dense,5,1,q_0050,mechanical,1.0,1.0,1.0,1.0,0.0,0.0,0.0,0.9773,0.0,12.648799999624316,0.0
table_aware,dense,10,1,q_0050,mechanical,1.0,1.0,1.0,1.0,0.0,0.0,0.0,0.9773,0.0,12.648799999624316,0.0
table_aware,dense,20,1,q_0050,mechanical,1.0,1.0,1.0,1.0,0.0,0.0,0.0,0.9773,0.0,12.648799999624316,0.0
table_aware,dense,1,1,q_0051,mechanical,1.0,1.0,1.0,1.0,0.0,0.0,0.0,0.9773,0.0,12.835200000154146,0.0
table_aware,dense,3,1,q_0051,mechanical,1.0,1.0,1.0,1.0,0.0,0.0,0.0,0.9773,0.0,12.835200000154146,0.0
table_aware,dense,5,1,q_0051,mechanical,1.0,1.0,1.0,1.0,0.0,0.0,0.0,0.9773,0.0,12.835200000154146,0.0
table_aware,dense,10,1,q_0051,mechanical,1.0,1.0,1.0,1.0,0.0,0.0,0.0,0.9773,0.0,12.835200000154146,0.0
table_aware,dense,20,1,q_0051,mechanical,1.0,1.0,1.0,1.0,0.0,0.0,0.0,0.9773,0.0,12.835200000154146,0.0
table_aware,dense,1,1,q_0052,mechanical,0.0,0.07692307692307693,0.0,0.0,0.0,0.0,0.0,0.9773,0.0,9.855700000116485,0.0
table_aware,dense,3,1,q_0052,mechanical,0.0,0.07692307692307693,0.0,0.0,0.0,0.0,0.0,0.9773,0.0,9.855700000116485,0.0
table_aware,dense,5,1,q_0052,mechanical,0.0,0.07692307692307693,0.0,0.0,0.0,0.0,0.0,0.9773,0.0,9.855700000116485,0.0
table_aware,dense,10,1,q_0052,mechanical,0.0,0.07692307692307693,0.0,0.0,0.0,0.0,0.0,0.9773,0.0,9.855700000116485,0.0
table_aware,dense,20,1,q_0052,mechanical,1.0,0.07692307692307693,0.26264953503719357,1.0,0.0,0.0,0.0,0.9773,0.0,9.855700000116485,0.0
table_aware,dense,1,1,q_0053,mechanical,0.0,0.1,0.0,0.0,0.0,0.0,0.0,0.9773,0.0,8.111099999950966,0.0
table_aware,dense,3,1,q_0053,mechanical,0.0,0.1,0.0,0.0,0.0,0.0,0.0,0.9773,0.0,8.111099999950966,0.0
table_aware,dense,5,1,q_0053,mechanical,0.0,0.1,0.0,0.0,0.0,0.0,0.0,0.9773,0.0,8.111099999950966,0.0
table_aware,dense,10,1,q_0053,mechanical,1.0,0.1,0.2890648263178879,1.0,0.0,0.0,0.0,0.9773,0.0,8.111099999950966,0.0
table_aware,dense,20,1,q_0053,mechanical,1.0,0.1,0.2890648263178879,1.0,0.0,0.0,0.0,0.9773,0.0,8.111099999950966,0.0
table_aware,dense,1,1,q_0056,tabular,1.0,1.0,1.0,1.0,0.0,0.0,0.0,0.9773,0.0,11.39320000038424,0.0
table_aware,dense,3,1,q_0056,tabular,1.0,1.0,1.0,1.0,0.0,0.0,0.0,0.9773,0.0,11.39320000038424,0.0
table_aware,dense,5,1,q_0056,tabular,1.0,1.0,0.9674679834891693,1.0,0.0,0.0,0.0,0.9773,0.0,11.39320000038424,0.0
table_aware,dense,10,1,q_0056,tabular,1.0,1.0,0.9279611693743142,1.0,0.0,0.0,0.0,0.9773,0.0,11.39320000038424,0.0
table_aware,dense,20,1,q_0056,tabular,1.0,1.0,0.9279611693743142,1.0,0.0,0.0,0.0,0.9773,0.0,11.39320000038424,0.0
table_aware,dense,1,1,q_0057,tabular,1.0,1.0,1.0,1.0,0.0,0.0,0.0,0.9773,0.0,6.623600000239094,0.0
table_aware,dense,3,1,q_0057,tabular,1.0,1.0,1.0,1.0,0.0,0.0,0.0,0.9773,0.0,6.623600000239094,0.0
table_aware,dense,5,1,q_0057,tabular,1.0,1.0,0.9828920819566879,1.0,0.0,0.0,0.0,0.9773,0.0,6.623600000239094,0.0
table_aware,dense,10,1,q_0057,tabular,1.0,1.0,0.9667147927059906,1.0,0.0,0.0,0.0,0.9773,0.0,6.623600000239094,0.0
table_aware,dense,20,1,q_0057,tabular,1.0,1.0,0.9553549032599093,1.0,0.0,0.0,0.0,0.9773,0.0,6.623600000239094,0.0
table_aware,dense,1,1,q_0058,tabular,1.0,1.0,1.0,1.0,0.0,0.0,0.0,0.9773,0.0,10.370599999987462,0.0
table_aware,dense,3,1,q_0058,tabular,1.0,1.0,1.0,1.0,0.0,0.0,0.0,0.9773,0.0,10.370599999987462,0.0
table_aware,dense,5,1,q_0058,tabular,1.0,1.0,1.0,1.0,0.0,0.0,0.0,0.9773,0.0,10.370599999987462,0.0
table_aware,dense,10,1,q_0058,tabular,1.0,1.0,0.8175295903539445,1.0,0.0,0.0,0.0,0.9773,0.0,10.370599999987462,0.0
table_aware,dense,20,1,q_0058,tabular,1.0,1.0,0.8175295903539445,1.0,0.0,0.0,0.0,0.9773,0.0,10.370599999987462,0.0
table_aware,dense,1,1,q_0059,tabular,1.0,1.0,1.0,1.0,0.0,0.0,0.0,0.9773,0.0,4.329499999585096,0.0
table_aware,dense,3,1,q_0059,tabular,1.0,1.0,1.0,1.0,0.0,0.0,0.0,0.9773,0.0,4.329499999585096,0.0
table_aware,dense,5,1,q_0059,tabular,1.0,1.0,0.9469024295259745,1.0,0.0,0.0,0.0,0.9773,0.0,4.329499999585096,0.0
table_aware,dense,10,1,q_0059,tabular,1.0,1.0,0.9469024295259745,1.0,0.0,0.0,0.0,0.9773,0.0,4.329499999585096,0.0
table_aware,dense,20,1,q_0059,tabular,1.0,1.0,0.9469024295259745,1.0,0.0,0.0,0.0,0.9773,0.0,4.329499999585096,0.0
table_aware,dense,1,1,q_0060,tabular,1.0,1.0,1.0,1.0,0.0,0.0,0.0,0.9773,0.0,8.910499999728927,0.0
table_aware,dense,3,1,q_0060,tabular,1.0,1.0,1.0,1.0,0.0,0.0,0.0,0.9773,0.0,8.910499999728927,0.0
table_aware,dense,5,1,q_0060,tabular,1.0,1.0,1.0,1.0,0.0,0.0,0.0,0.9773,0.0,8.910499999728927,0.0
table_aware,dense,10,1,q_0060,tabular,1.0,1.0,0.9842184869190973,1.0,0.0,0.0,0.0,0.9773,0.0,8.910499999728927,0.0
table_aware,dense,20,1,q_0060,tabular,1.0,1.0,0.9745644604325986,1.0,0.0,0.0,0.0,0.9773,0.0,8.910499999728927,0.0
table_aware,dense,1,1,q_0061,tabular,1.0,1.0,1.0,1.0,0.0,0.0,0.0,0.9773,0.0,12.170800000603776,0.0
table_aware,dense,3,1,q_0061,tabular,1.0,1.0,1.0,1.0,0.0,0.0,0.0,0.9773,0.0,12.170800000603776,0.0
table_aware,dense,5,1,q_0061,tabular,1.0,1.0,0.9674679834891693,1.0,0.0,0.0,0.0,0.9773,0.0,12.170800000603776,0.0
table_aware,dense,10,1,q_0061,tabular,1.0,1.0,0.9042472380494709,1.0,0.0,0.0,0.0,0.9773,0.0,12.170800000603776,0.0
table_aware,dense,20,1,q_0061,tabular,1.0,1.0,0.9042472380494709,1.0,0.0,0.0,0.0,0.9773,0.0,12.170800000603776,0.0
table_aware,dense,1,1,q_0062,tabular,0.0,0.125,0.0,0.0,0.0,0.0,0.0,0.9773,0.0,10.18099999964761,0.0
table_aware,dense,3,1,q_0062,tabular,0.0,0.125,0.0,0.0,0.0,0.0,0.0,0.9773,0.0,10.18099999964761,0.0
table_aware,dense,5,1,q_0062,tabular,0.0,0.125,0.0,0.0,0.0,0.0,0.0,0.9773,0.0,10.18099999964761,0.0
table_aware,dense,10,1,q_0062,tabular,1.0,0.125,0.37800210039683896,1.0,0.0,0.0,0.0,0.9773,0.0,10.18099999964761,0.0
table_aware,dense,20,1,q_0062,tabular,1.0,0.125,0.43504080642993326,1.0,0.0,0.0,0.0,0.9773,0.0,10.18099999964761,0.0
table_aware,dense,1,1,q_0063,tabular,0.0,0.14285714285714285,0.0,0.0,0.0,0.0,0.0,0.9773,0.0,11.4211999998588,0.0
table_aware,dense,3,1,q_0063,tabular,0.0,0.14285714285714285,0.0,0.0,0.0,0.0,0.0,0.9773,0.0,11.4211999998588,0.0
table_aware,dense,5,1,q_0063,tabular,0.0,0.14285714285714285,0.0,0.0,0.0,0.0,0.0,0.9773,0.0,11.4211999998588,0.0
table_aware,dense,10,1,q_0063,tabular,1.0,0.14285714285714285,0.39780880120575696,1.0,0.0,0.0,0.0,0.9773,0.0,11.4211999998588,0.0
table_aware,dense,20,1,q_0063,tabular,1.0,0.14285714285714285,0.39780880120575696,1.0,0.0,0.0,0.0,0.9773,0.0,11.4211999998588,0.0
table_aware,dense,1,1,q_0064,tabular,1.0,1.0,1.0,1.0,0.0,0.0,0.0,0.9773,0.0,10.367300000325486,0.0
table_aware,dense,3,1,q_0064,tabular,1.0,1.0,1.0,1.0,0.0,0.0,0.0,0.9773,0.0,10.367300000325486,0.0
table_aware,dense,5,1,q_0064,tabular,1.0,1.0,0.8772153153380493,1.0,0.0,0.0,0.0,0.9773,0.0,10.367300000325486,0.0
table_aware,dense,10,1,q_0064,tabular,1.0,1.0,0.8772153153380493,1.0,0.0,0.0,0.0,0.9773,0.0,10.367300000325486,0.0
table_aware,dense,20,1,q_0064,tabular,1.0,1.0,0.8772153153380493,1.0,0.0,0.0,0.0,0.9773,0.0,10.367300000325486,0.0
table_aware,dense,1,1,q_0065,tabular,1.0,1.0,1.0,1.0,0.0,0.0,0.0,0.9773,0.0,7.563500000287604,0.0
table_aware,dense,3,1,q_0065,tabular,1.0,1.0,1.0,1.0,0.0,0.0,0.0,0.9773,0.0,7.563500000287604,0.0
table_aware,dense,5,1,q_0065,tabular,1.0,1.0,0.8503449055347546,1.0,0.0,0.0,0.0,0.9773,0.0,7.563500000287604,0.0
table_aware,dense,10,1,q_0065,tabular,1.0,1.0,0.8503449055347546,1.0,0.0,0.0,0.0,0.9773,0.0,7.563500000287604,0.0
table_aware,dense,20,1,q_0065,tabular,1.0,1.0,0.8503449055347546,1.0,0.0,0.0,0.0,0.9773,0.0,7.563500000287604,0.0
table_aware,dense,1,1,q_0066,tabular,0.0,0.25,0.0,0.0,0.0,0.0,0.0,0.9773,0.0,11.691400000017893,0.0
table_aware,dense,3,1,q_0066,tabular,0.0,0.25,0.0,0.0,0.0,0.0,0.0,0.9773,0.0,11.691400000017893,0.0
table_aware,dense,5,1,q_0066,tabular,1.0,0.25,0.43067655807339306,1.0,0.0,0.0,0.0,0.9773,0.0,11.691400000017893,0.0
table_aware,dense,10,1,q_0066,tabular,1.0,0.25,0.5849654724986935,1.0,0.0,0.0,0.0,0.9773,0.0,11.691400000017893,0.0
table_aware,dense,20,1,q_0066,tabular,1.0,0.25,0.6535367705779089,1.0,0.0,0.0,0.0,0.9773,0.0,11.691400000017893,0.0
table_aware,dense,1,1,q_0067,tabular,1.0,1.0,1.0,1.0,0.0,0.0,0.0,0.9773,0.0,7.372000000032131,0.0
table_aware,dense,3,1,q_0067,tabular,1.0,1.0,1.0,1.0,0.0,0.0,0.0,0.9773,0.0,7.372000000032131,0.0
table_aware,dense,5,1,q_0067,tabular,1.0,1.0,0.8772153153380493,1.0,0.0,0.0,0.0,0.9773,0.0,7.372000000032131,0.0
table_aware,dense,10,1,q_0067,tabular,1.0,1.0,0.8151303853059922,1.0,0.0,0.0,0.0,0.9773,0.0,7.372000000032131,0.0
table_aware,dense,20,1,q_0067,tabular,1.0,1.0,0.8145747132263208,1.0,0.0,0.0,0.0,0.9773,0.0,7.372000000032131,0.0
table_aware,dense,1,1,q_0068,tabular,1.0,1.0,1.0,1.0,0.0,0.0,0.0,0.9773,0.0,10.798799999975017,0.0
table_aware,dense,3,1,q_0068,tabular,1.0,1.0,1.0,1.0,0.0,0.0,0.0,0.9773,0.0,10.798799999975017,0.0
table_aware,dense,5,1,q_0068,tabular,1.0,1.0,1.0,1.0,0.0,0.0,0.0,0.9773,0.0,10.798799999975017,0.0
table_aware,dense,10,1,q_0068,tabular,1.0,1.0,0.7928654229965442,1.0,0.0,0.0,0.0,0.9773,0.0,10.798799999975017,0.0
table_aware,dense,20,1,q_0068,tabular,1.0,1.0,0.7594838193547132,1.0,0.0,0.0,0.0,0.9773,0.0,10.798799999975017,0.0
table_aware,dense,1,1,q_0069,tabular,1.0,1.0,1.0,1.0,0.0,0.0,0.0,0.9773,0.0,8.177199999408913,0.0
table_aware,dense,3,1,q_0069,tabular,1.0,1.0,1.0,1.0,0.0,0.0,0.0,0.9773,0.0,8.177199999408913,0.0
table_aware,dense,5,1,q_0069,tabular,1.0,1.0,1.0,1.0,0.0,0.0,0.0,0.9773,0.0,8.177199999408913,0.0
table_aware,dense,10,1,q_0069,tabular,1.0,1.0,1.0,1.0,0.0,0.0,0.0,0.9773,0.0,8.177199999408913,0.0
table_aware,dense,20,1,q_0069,tabular,1.0,1.0,1.0,1.0,0.0,0.0,0.0,0.9773,0.0,8.177199999408913,0.0
table_aware,dense,1,1,q_0070,tabular,0.0,0.3333333333333333,0.0,0.0,0.0,0.0,0.0,0.9773,0.0,7.670799999687006,0.0
table_aware,dense,3,1,q_0070,tabular,1.0,0.3333333333333333,0.5,1.0,0.0,0.0,0.0,0.9773,0.0,7.670799999687006,0.0
table_aware,dense,5,1,q_0070,tabular,1.0,0.3333333333333333,0.5,1.0,0.0,0.0,0.0,0.9773,0.0,7.670799999687006,0.0
table_aware,dense,10,1,q_0070,tabular,1.0,0.3333333333333333,0.5,1.0,0.0,0.0,0.0,0.9773,0.0,7.670799999687006,0.0
table_aware,dense,20,1,q_0070,tabular,1.0,0.3333333333333333,0.5,1.0,0.0,0.0,0.0,0.9773,0.0,7.670799999687006,0.0
table_aware,dense,1,1,q_0071,tabular,1.0,1.0,1.0,1.0,0.0,0.0,0.0,0.9773,0.0,11.951599999520113,0.0
table_aware,dense,3,1,q_0071,tabular,1.0,1.0,1.0,1.0,0.0,0.0,0.0,0.9773,0.0,11.951599999520113,0.0
table_aware,dense,5,1,q_0071,tabular,1.0,1.0,1.0,1.0,0.0,0.0,0.0,0.9773,0.0,11.951599999520113,0.0
table_aware,dense,10,1,q_0071,tabular,1.0,1.0,1.0,1.0,0.0,0.0,0.0,0.9773,0.0,11.951599999520113,0.0
table_aware,dense,20,1,q_0071,tabular,1.0,1.0,0.6926688938498079,1.0,0.0,0.0,0.0,0.9773,0.0,11.951599999520113,0.0
table_aware,dense,1,1,q_0072,tabular,1.0,1.0,1.0,1.0,0.0,0.0,0.0,0.9773,0.0,11.33029999982682,0.0
table_aware,dense,3,1,q_0072,tabular,1.0,1.0,1.0,1.0,0.0,0.0,0.0,0.9773,0.0,11.33029999982682,0.0
table_aware,dense,5,1,q_0072,tabular,1.0,1.0,1.0,1.0,0.0,0.0,0.0,0.9773,0.0,11.33029999982682,0.0
table_aware,dense,10,1,q_0072,tabular,1.0,1.0,1.0,1.0,0.0,0.0,0.0,0.9773,0.0,11.33029999982682,0.0
table_aware,dense,20,1,q_0072,tabular,1.0,1.0,0.6903984879192575,1.0,0.0,0.0,0.0,0.9773,0.0,11.33029999982682,0.0
table_aware,dense,1,1,q_0073,tabular,1.0,1.0,1.0,1.0,0.0,0.0,0.0,0.9773,0.0,7.417899999381916,0.0
table_aware,dense,3,1,q_0073,tabular,1.0,1.0,0.9197207891481876,1.0,0.0,0.0,0.0,0.9773,0.0,7.417899999381916,0.0
table_aware,dense,5,1,q_0073,tabular,1.0,1.0,0.9060254355346823,1.0,0.0,0.0,0.0,0.9773,0.0,7.417899999381916,0.0
table_aware,dense,10,1,q_0073,tabular,1.0,1.0,0.9060254355346823,1.0,0.0,0.0,0.0,0.9773,0.0,7.417899999381916,0.0
table_aware,dense,20,1,q_0073,tabular,1.0,1.0,0.829256339840463,1.0,0.0,0.0,0.0,0.9773,0.0,7.417899999381916,0.0
table_aware,dense,1,1,q_0074,tabular,1.0,1.0,1.0,1.0,0.0,0.0,0.0,0.9773,0.0,11.755399999856309,0.0
table_aware,dense,3,1,q_0074,tabular,1.0,1.0,1.0,1.0,0.0,0.0,0.0,0.9773,0.0,11.755399999856309,0.0
table_aware,dense,5,1,q_0074,tabular,1.0,1.0,0.9674679834891693,1.0,0.0,0.0,0.0,0.9773,0.0,11.755399999856309,0.0
table_aware,dense,10,1,q_0074,tabular,1.0,1.0,0.9249372331423045,1.0,0.0,0.0,0.0,0.9773,0.0,11.755399999856309,0.0
table_aware,dense,20,1,q_0074,tabular,1.0,1.0,0.9116499971549971,1.0,0.0,0.0,0.0,0.9773,0.0,11.755399999856309,0.0
table_aware,dense,1,1,q_0075,tabular,1.0,1.0,1.0,1.0,0.0,0.0,0.0,0.9773,0.0,5.181099999390426,0.0
table_aware,dense,3,1,q_0075,tabular,1.0,1.0,1.0,1.0,0.0,0.0,0.0,0.9773,0.0,5.181099999390426,0.0
table_aware,dense,5,1,q_0075,tabular,1.0,1.0,1.0,1.0,0.0,0.0,0.0,0.9773,0.0,5.181099999390426,0.0
table_aware,dense,10,1,q_0075,tabular,1.0,1.0,0.9228632535992205,1.0,0.0,0.0,0.0,0.9773,0.0,5.181099999390426,0.0
table_aware,dense,20,1,q_0075,tabular,1.0,1.0,0.8724761224302898,1.0,0.0,0.0,0.0,0.9773,0.0,5.181099999390426,0.0
table_aware,dense,1,1,q_0076,cross_reference,1.0,1.0,1.0,1.0,0.0,0.0,0.0,0.9773,0.0,12.92379999995319,0.0
table_aware,dense,3,1,q_0076,cross_reference,1.0,1.0,1.0,1.0,0.0,0.0,0.0,0.9773,0.0,12.92379999995319,0.0
table_aware,dense,5,1,q_0076,cross_reference,1.0,1.0,1.0,1.0,0.0,0.0,0.0,0.9773,0.0,12.92379999995319,0.0
table_aware,dense,10,1,q_0076,cross_reference,1.0,1.0,0.8175295903539445,1.0,0.0,0.0,0.0,0.9773,0.0,12.92379999995319,0.0
table_aware,dense,20,1,q_0076,cross_reference,1.0,1.0,0.8175295903539445,1.0,0.0,0.0,0.0,0.9773,0.0,12.92379999995319,0.0
table_aware,dense,1,1,q_0077,cross_reference,0.0,0.2,0.0,0.0,0.0,0.0,0.0,0.9773,0.0,9.741300000314368,0.0
table_aware,dense,3,1,q_0077,cross_reference,0.0,0.2,0.0,0.0,0.0,0.0,0.0,0.9773,0.0,9.741300000314368,0.0
table_aware,dense,5,1,q_0077,cross_reference,1.0,0.2,0.38685280723454163,1.0,0.0,0.0,0.0,0.9773,0.0,9.741300000314368,0.0
table_aware,dense,10,1,q_0077,cross_reference,1.0,0.2,0.38685280723454163,1.0,0.0,0.0,0.0,0.9773,0.0,9.741300000314368,0.0
table_aware,dense,20,1,q_0077,cross_reference,1.0,0.2,0.42089769816521383,1.0,0.0,0.0,0.0,0.9773,0.0,9.741300000314368,0.0
table_aware,dense,1,1,q_0078,cross_reference,1.0,1.0,1.0,1.0,0.0,0.0,0.0,0.9773,0.0,8.069900000009511,0.0
table_aware,dense,3,1,q_0078,cross_reference,1.0,1.0,1.0,1.0,0.0,0.0,0.0,0.9773,0.0,8.069900000009511,0.0
table_aware,dense,5,1,q_0078,cross_reference,1.0,1.0,1.0,1.0,0.0,0.0,0.0,0.9773,0.0,8.069900000009511,0.0
table_aware,dense,10,1,q_0078,cross_reference,1.0,1.0,0.7903864795495061,1.0,0.0,0.0,0.0,0.9773,0.0,8.069900000009511,0.0
table_aware,dense,20,1,q_0078,cross_reference,1.0,1.0,0.7903864795495061,1.0,0.0,0.0,0.0,0.9773,0.0,8.069900000009511,0.0
table_aware,dense,1,1,q_0079,cross_reference,1.0,1.0,1.0,1.0,0.0,0.0,0.0,0.9773,0.0,14.659200000096462,0.0
table_aware,dense,3,1,q_0079,cross_reference,1.0,1.0,1.0,1.0,0.0,0.0,0.0,0.9773,0.0,14.659200000096462,0.0
table_aware,dense,5,1,q_0079,cross_reference,1.0,1.0,1.0,1.0,0.0,0.0,0.0,0.9773,0.0,14.659200000096462,0.0
table_aware,dense,10,1,q_0079,cross_reference,1.0,1.0,1.0,1.0,0.0,0.0,0.0,0.9773,0.0,14.659200000096462,0.0
table_aware,dense,20,1,q_0079,cross_reference,1.0,1.0,1.0,1.0,0.0,0.0,0.0,0.9773,0.0,14.659200000096462,0.0
table_aware,dense,1,1,q_0080,cross_reference,0.0,0.0,0.0,0.0,0.0,0.0,0.0,0.9773,0.0,11.810499999228341,0.0
table_aware,dense,3,1,q_0080,cross_reference,0.0,0.0,0.0,0.0,0.0,0.0,0.0,0.9773,0.0,11.810499999228341,0.0
table_aware,dense,5,1,q_0080,cross_reference,0.0,0.0,0.0,0.0,0.0,0.0,0.0,0.9773,0.0,11.810499999228341,0.0
table_aware,dense,10,1,q_0080,cross_reference,0.0,0.0,0.0,0.0,0.0,0.0,0.0,0.9773,0.0,11.810499999228341,0.0
table_aware,dense,20,1,q_0080,cross_reference,0.0,0.0,0.0,0.0,0.0,0.0,0.0,0.9773,0.0,11.810499999228341,0.0
table_aware,dense,1,1,q_0081,cross_reference,0.0,0.3333333333333333,0.0,0.0,0.0,0.0,0.0,0.9773,0.0,14.9874999997337,0.0
table_aware,dense,3,1,q_0081,cross_reference,1.0,0.3333333333333333,0.5,1.0,0.0,0.0,0.0,0.9773,0.0,14.9874999997337,0.0
table_aware,dense,5,1,q_0081,cross_reference,1.0,0.3333333333333333,0.5706417189553201,1.0,0.0,0.0,0.0,0.9773,0.0,14.9874999997337,0.0
table_aware,dense,10,1,q_0081,cross_reference,1.0,0.3333333333333333,0.5706417189553201,1.0,0.0,0.0,0.0,0.9773,0.0,14.9874999997337,0.0
table_aware,dense,20,1,q_0081,cross_reference,1.0,0.3333333333333333,0.5706417189553201,1.0,0.0,0.0,0.0,0.9773,0.0,14.9874999997337,0.0
table_aware,dense,1,1,q_0082,cross_reference,0.0,0.0,0.0,0.0,0.0,0.0,0.0,0.9773,0.0,6.23379999979079,0.0
table_aware,dense,3,1,q_0082,cross_reference,0.0,0.0,0.0,0.0,0.0,0.0,0.0,0.9773,0.0,6.23379999979079,0.0
table_aware,dense,5,1,q_0082,cross_reference,0.0,0.0,0.0,0.0,0.0,0.0,0.0,0.9773,0.0,6.23379999979079,0.0
table_aware,dense,10,1,q_0082,cross_reference,0.0,0.0,0.0,0.0,0.0,0.0,0.0,0.9773,0.0,6.23379999979079,0.0
table_aware,dense,20,1,q_0082,cross_reference,0.0,0.0,0.0,0.0,0.0,0.0,0.0,0.9773,0.0,6.23379999979079,0.0
table_aware,dense,1,1,q_0083,cross_reference,0.0,0.3333333333333333,0.0,0.0,0.0,0.0,0.0,0.9773,0.0,7.1779999998398125,0.0
table_aware,dense,3,1,q_0083,cross_reference,1.0,0.3333333333333333,0.5,1.0,0.0,0.0,0.0,0.9773,0.0,7.1779999998398125,0.0
table_aware,dense,5,1,q_0083,cross_reference,1.0,0.3333333333333333,0.5,1.0,0.0,0.0,0.0,0.9773,0.0,7.1779999998398125,0.0
table_aware,dense,10,1,q_0083,cross_reference,1.0,0.3333333333333333,0.5,1.0,0.0,0.0,0.0,0.9773,0.0,7.1779999998398125,0.0
table_aware,dense,20,1,q_0083,cross_reference,1.0,0.3333333333333333,0.5,1.0,0.0,0.0,0.0,0.9773,0.0,7.1779999998398125,0.0
table_aware,dense,1,1,q_0084,cross_reference,1.0,1.0,1.0,1.0,0.0,0.0,0.0,0.9773,0.0,14.272299999902316,0.0
table_aware,dense,3,1,q_0084,cross_reference,1.0,1.0,1.0,1.0,0.0,0.0,0.0,0.9773,0.0,14.272299999902316,0.0
table_aware,dense,5,1,q_0084,cross_reference,1.0,1.0,1.0,1.0,0.0,0.0,0.0,0.9773,0.0,14.272299999902316,0.0
table_aware,dense,10,1,q_0084,cross_reference,1.0,1.0,1.0,1.0,0.0,0.0,0.0,0.9773,0.0,14.272299999902316,0.0
table_aware,dense,20,1,q_0084,cross_reference,1.0,1.0,0.7070215204527439,1.0,0.0,0.0,0.0,0.9773,0.0,14.272299999902316,0.0
table_aware,dense,1,1,q_0085,cross_reference,0.0,0.5,0.0,0.0,0.0,0.0,0.0,0.9773,0.0,9.428200000002107,0.0
table_aware,dense,3,1,q_0085,cross_reference,1.0,0.5,0.6309297535714575,1.0,0.0,0.0,0.0,0.9773,0.0,9.428200000002107,0.0
table_aware,dense,5,1,q_0085,cross_reference,1.0,0.5,0.6509209298071326,1.0,0.0,0.0,0.0,0.9773,0.0,9.428200000002107,0.0
table_aware,dense,10,1,q_0085,cross_reference,1.0,0.5,0.6394562303262419,1.0,0.0,0.0,0.0,0.9773,0.0,9.428200000002107,0.0
table_aware,dense,20,1,q_0085,cross_reference,1.0,0.5,0.6394562303262419,1.0,0.0,0.0,0.0,0.9773,0.0,9.428200000002107,0.0
table_aware,dense,1,1,q_0086,cross_reference,1.0,1.0,1.0,1.0,0.0,0.0,0.0,0.9773,0.0,7.333700000344834,0.0
table_aware,dense,3,1,q_0086,cross_reference,1.0,1.0,1.0,1.0,0.0,0.0,0.0,0.9773,0.0,7.333700000344834,0.0
table_aware,dense,5,1,q_0086,cross_reference,1.0,1.0,1.0,1.0,0.0,0.0,0.0,0.9773,0.0,7.333700000344834,0.0
table_aware,dense,10,1,q_0086,cross_reference,1.0,1.0,1.0,1.0,0.0,0.0,0.0,0.9773,0.0,7.333700000344834,0.0
table_aware,dense,20,1,q_0086,cross_reference,1.0,1.0,0.7631539858737962,1.0,0.0,0.0,0.0,0.9773,0.0,7.333700000344834,0.0
table_aware,dense,1,1,q_0087,cross_reference,0.0,0.5,0.0,0.0,0.0,0.0,0.0,0.9773,0.0,10.596600000098988,0.0
table_aware,dense,3,1,q_0087,cross_reference,1.0,0.5,0.6934264036172708,1.0,0.0,0.0,0.0,0.9773,0.0,10.596600000098988,0.0
table_aware,dense,5,1,q_0087,cross_reference,1.0,0.5,0.6934264036172708,1.0,0.0,0.0,0.0,0.9773,0.0,10.596600000098988,0.0
table_aware,dense,10,1,q_0087,cross_reference,1.0,0.5,0.6934264036172708,1.0,0.0,0.0,0.0,0.9773,0.0,10.596600000098988,0.0
table_aware,dense,20,1,q_0087,cross_reference,1.0,0.5,0.6934264036172708,1.0,0.0,0.0,0.0,0.9773,0.0,10.596600000098988,0.0
table_aware,dense,1,1,q_0088,cross_reference,1.0,1.0,1.0,1.0,0.0,0.0,0.0,0.9773,0.0,7.135099999686645,0.0
table_aware,dense,3,1,q_0088,cross_reference,1.0,1.0,0.9197207891481876,1.0,0.0,0.0,0.0,0.9773,0.0,7.135099999686645,0.0
table_aware,dense,5,1,q_0088,cross_reference,1.0,1.0,0.9197207891481876,1.0,0.0,0.0,0.0,0.9773,0.0,7.135099999686645,0.0
table_aware,dense,10,1,q_0088,cross_reference,1.0,1.0,0.9197207891481876,1.0,0.0,0.0,0.0,0.9773,0.0,7.135099999686645,0.0
table_aware,dense,20,1,q_0088,cross_reference,1.0,1.0,0.9197207891481876,1.0,0.0,0.0,0.0,0.9773,0.0,7.135099999686645,0.0
table_aware,dense,1,1,q_0089,cross_reference,1.0,1.0,1.0,1.0,0.0,0.0,0.0,0.9773,0.0,12.461000000257627,0.0
table_aware,dense,3,1,q_0089,cross_reference,1.0,1.0,1.0,1.0,0.0,0.0,0.0,0.9773,0.0,12.461000000257627,0.0
table_aware,dense,5,1,q_0089,cross_reference,1.0,1.0,1.0,1.0,0.0,0.0,0.0,0.9773,0.0,12.461000000257627,0.0
table_aware,dense,10,1,q_0089,cross_reference,1.0,1.0,1.0,1.0,0.0,0.0,0.0,0.9773,0.0,12.461000000257627,0.0
table_aware,dense,20,1,q_0089,cross_reference,1.0,1.0,1.0,1.0,0.0,0.0,0.0,0.9773,0.0,12.461000000257627,0.0
table_aware,dense,1,1,q_0090,cross_reference,0.0,0.0,0.0,0.0,0.0,0.0,0.0,0.9773,0.0,10.729700000410958,0.0
table_aware,dense,3,1,q_0090,cross_reference,0.0,0.0,0.0,0.0,0.0,0.0,0.0,0.9773,0.0,10.729700000410958,0.0
table_aware,dense,5,1,q_0090,cross_reference,0.0,0.0,0.0,0.0,0.0,0.0,0.0,0.9773,0.0,10.729700000410958,0.0
table_aware,dense,10,1,q_0090,cross_reference,0.0,0.0,0.0,0.0,0.0,0.0,0.0,0.9773,0.0,10.729700000410958,0.0
table_aware,dense,20,1,q_0090,cross_reference,0.0,0.0,0.0,0.0,0.0,0.0,0.0,0.9773,0.0,10.729700000410958,0.0
table_aware,dense,1,1,q_0092,monster,1.0,1.0,1.0,1.0,0.0,0.0,0.0,0.9773,0.0,6.9631000005756505,0.0
table_aware,dense,3,1,q_0092,monster,1.0,1.0,1.0,1.0,0.0,0.0,0.0,0.9773,0.0,6.9631000005756505,0.0
table_aware,dense,5,1,q_0092,monster,1.0,1.0,1.0,1.0,0.0,0.0,0.0,0.9773,0.0,6.9631000005756505,0.0
table_aware,dense,10,1,q_0092,monster,1.0,1.0,1.0,1.0,0.0,0.0,0.0,0.9773,0.0,6.9631000005756505,0.0
table_aware,dense,20,1,q_0092,monster,1.0,1.0,1.0,1.0,0.0,0.0,0.0,0.9773,0.0,6.9631000005756505,0.0
table_aware,dense,1,1,q_0093,monster,0.0,0.5,0.0,0.0,0.0,0.0,0.0,0.9773,0.0,9.890299999824492,0.0
table_aware,dense,3,1,q_0093,monster,1.0,0.5,0.6309297535714575,1.0,0.0,0.0,0.0,0.9773,0.0,9.890299999824492,0.0
table_aware,dense,5,1,q_0093,monster,1.0,0.5,0.6309297535714575,1.0,0.0,0.0,0.0,0.9773,0.0,9.890299999824492,0.0
table_aware,dense,10,1,q_0093,monster,1.0,0.5,0.6309297535714575,1.0,0.0,0.0,0.0,0.9773,0.0,9.890299999824492,0.0
table_aware,dense,20,1,q_0093,monster,1.0,0.5,0.5338931479009518,1.0,0.0,0.0,0.0,0.9773,0.0,9.890299999824492,0.0
table_aware,dense,1,1,q_0094,monster,1.0,1.0,1.0,1.0,0.0,0.0,0.0,0.9773,0.0,7.789799999954994,0.0
table_aware,dense,3,1,q_0094,monster,1.0,1.0,1.0,1.0,0.0,0.0,0.0,0.9773,0.0,7.789799999954994,0.0
table_aware,dense,5,1,q_0094,monster,1.0,1.0,1.0,1.0,0.0,0.0,0.0,0.9773,0.0,7.789799999954994,0.0
table_aware,dense,10,1,q_0094,monster,1.0,1.0,1.0,1.0,0.0,0.0,0.0,0.9773,0.0,7.789799999954994,0.0
table_aware,dense,20,1,q_0094,monster,1.0,1.0,1.0,1.0,0.0,0.0,0.0,0.9773,0.0,7.789799999954994,0.0
table_aware,dense,1,1,q_0095,monster,1.0,1.0,1.0,1.0,0.0,0.0,0.0,0.9773,0.0,13.173800000004121,0.0
table_aware,dense,3,1,q_0095,monster,1.0,1.0,1.0,1.0,0.0,0.0,0.0,0.9773,0.0,13.173800000004121,0.0
table_aware,dense,5,1,q_0095,monster,1.0,1.0,1.0,1.0,0.0,0.0,0.0,0.9773,0.0,13.173800000004121,0.0
table_aware,dense,10,1,q_0095,monster,1.0,1.0,0.9424720919083771,1.0,0.0,0.0,0.0,0.9773,0.0,13.173800000004121,0.0
table_aware,dense,20,1,q_0095,monster,1.0,1.0,0.942815117520902,1.0,0.0,0.0,0.0,0.9773,0.0,13.173800000004121,0.0
table_aware,dense,1,1,q_0096,monster,1.0,1.0,1.0,1.0,0.0,0.0,0.0,0.9773,0.0,11.799599999903876,0.0
table_aware,dense,3,1,q_0096,monster,1.0,1.0,1.0,1.0,0.0,0.0,0.0,0.9773,0.0,11.799599999903876,0.0
table_aware,dense,5,1,q_0096,monster,1.0,1.0,1.0,1.0,0.0,0.0,0.0,0.9773,0.0,11.799599999903876,0.0
table_aware,dense,10,1,q_0096,monster,1.0,1.0,1.0,1.0,0.0,0.0,0.0,0.9773,0.0,11.799599999903876,0.0
table_aware,dense,20,1,q_0096,monster,1.0,1.0,1.0,1.0,0.0,0.0,0.0,0.9773,0.0,11.799599999903876,0.0
table_aware,dense,1,1,q_0097,monster,0.0,0.3333333333333333,0.0,0.0,0.0,0.0,0.0,0.9773,0.0,8.298699999613746,0.0
table_aware,dense,3,1,q_0097,monster,1.0,0.3333333333333333,0.5,1.0,0.0,0.0,0.0,0.9773,0.0,8.298699999613746,0.0
table_aware,dense,5,1,q_0097,monster,1.0,0.3333333333333333,0.5,1.0,0.0,0.0,0.0,0.9773,0.0,8.298699999613746,0.0
table_aware,dense,10,1,q_0097,monster,1.0,0.3333333333333333,0.5,1.0,0.0,0.0,0.0,0.9773,0.0,8.298699999613746,0.0
table_aware,dense,20,1,q_0097,monster,1.0,0.3333333333333333,0.5,1.0,0.0,0.0,0.0,0.9773,0.0,8.298699999613746,0.0
table_aware,dense,1,1,q_0098,monster,1.0,1.0,1.0,1.0,0.0,0.0,0.0,0.9773,0.0,8.85140000082174,0.0
table_aware,dense,3,1,q_0098,monster,1.0,1.0,1.0,1.0,0.0,0.0,0.0,0.9773,0.0,8.85140000082174,0.0
table_aware,dense,5,1,q_0098,monster,1.0,1.0,1.0,1.0,0.0,0.0,0.0,0.9773,0.0,8.85140000082174,0.0
table_aware,dense,10,1,q_0098,monster,1.0,1.0,1.0,1.0,0.0,0.0,0.0,0.9773,0.0,8.85140000082174,0.0
table_aware,dense,20,1,q_0098,monster,1.0,1.0,1.0,1.0,0.0,0.0,0.0,0.9773,0.0,8.85140000082174,0.0
table_aware,dense,1,1,q_0099,monster,1.0,1.0,1.0,1.0,0.0,0.0,0.0,0.9773,0.0,9.336000000075728,0.0
table_aware,dense,3,1,q_0099,monster,1.0,1.0,1.0,1.0,0.0,0.0,0.0,0.9773,0.0,9.336000000075728,0.0
table_aware,dense,5,1,q_0099,monster,1.0,1.0,1.0,1.0,0.0,0.0,0.0,0.9773,0.0,9.336000000075728,0.0
table_aware,dense,10,1,q_0099,monster,1.0,1.0,1.0,1.0,0.0,0.0,0.0,0.9773,0.0,9.336000000075728,0.0
table_aware,dense,20,1,q_0099,monster,1.0,1.0,1.0,1.0,0.0,0.0,0.0,0.9773,0.0,9.336000000075728,0.0
table_aware,dense,1,1,q_0100,monster,1.0,1.0,1.0,1.0,0.0,0.0,0.0,0.9773,0.0,5.0604999996721745,0.0
table_aware,dense,3,1,q_0100,monster,1.0,1.0,1.0,1.0,0.0,0.0,0.0,0.9773,0.0,5.0604999996721745,0.0
table_aware,dense,5,1,q_0100,monster,1.0,1.0,1.0,1.0,0.0,0.0,0.0,0.9773,0.0,5.0604999996721745,0.0
table_aware,dense,10,1,q_0100,monster,1.0,1.0,1.0,1.0,0.0,0.0,0.0,0.9773,0.0,5.0604999996721745,0.0
table_aware,dense,20,1,q_0100,monster,1.0,1.0,1.0,1.0,0.0,0.0,0.0,0.9773,0.0,5.0604999996721745,0.0
table_aware,dense,1,1,q_0101,monster,1.0,1.0,1.0,1.0,0.0,0.0,0.0,0.9773,0.0,12.372700000014447,0.0
table_aware,dense,3,1,q_0101,monster,1.0,1.0,1.0,1.0,0.0,0.0,0.0,0.9773,0.0,12.372700000014447,0.0
table_aware,dense,5,1,q_0101,monster,1.0,1.0,1.0,1.0,0.0,0.0,0.0,0.9773,0.0,12.372700000014447,0.0
table_aware,dense,10,1,q_0101,monster,1.0,1.0,1.0,1.0,0.0,0.0,0.0,0.9773,0.0,12.372700000014447,0.0
table_aware,dense,20,1,q_0101,monster,1.0,1.0,1.0,1.0,0.0,0.0,0.0,0.9773,0.0,12.372700000014447,0.0
table_aware,dense,1,1,q_0106,numeric,0.0,0.5,0.0,0.0,0.0,0.0,0.0,0.9773,0.0,7.626799999343348,0.0
table_aware,dense,3,1,q_0106,numeric,1.0,0.5,0.6309297535714575,1.0,0.0,0.0,0.0,0.9773,0.0,7.626799999343348,0.0
table_aware,dense,5,1,q_0106,numeric,1.0,0.5,0.6309297535714575,1.0,0.0,0.0,0.0,0.9773,0.0,7.626799999343348,0.0
table_aware,dense,10,1,q_0106,numeric,1.0,0.5,0.5912352048230277,1.0,0.0,0.0,0.0,0.9773,0.0,7.626799999343348,0.0
table_aware,dense,20,1,q_0106,numeric,1.0,0.5,0.558653453860475,1.0,0.0,0.0,0.0,0.9773,0.0,7.626799999343348,0.0
table_aware,dense,1,1,q_0107,numeric,0.0,0.5,0.0,0.0,0.0,0.0,0.0,0.9773,0.0,10.932799999864073,0.0
table_aware,dense,3,1,q_0107,numeric,1.0,0.5,0.6309297535714575,1.0,0.0,0.0,0.0,0.9773,0.0,10.932799999864073,0.0
table_aware,dense,5,1,q_0107,numeric,1.0,0.5,0.6309297535714575,1.0,0.0,0.0,0.0,0.9773,0.0,10.932799999864073,0.0
table_aware,dense,10,1,q_0107,numeric,1.0,0.5,0.5797748398812457,1.0,0.0,0.0,0.0,0.9773,0.0,10.932799999864073,0.0
table_aware,dense,20,1,q_0107,numeric,1.0,0.5,0.5797748398812457,1.0,0.0,0.0,0.0,0.9773,0.0,10.932799999864073,0.0
table_aware,dense,1,1,q_0108,numeric,1.0,1.0,1.0,1.0,0.0,0.0,0.0,0.9773,0.0,8.109800000056566,0.0
table_aware,dense,3,1,q_0108,numeric,1.0,1.0,1.0,1.0,0.0,0.0,0.0,0.9773,0.0,8.109800000056566,0.0
table_aware,dense,5,1,q_0108,numeric,1.0,1.0,1.0,1.0,0.0,0.0,0.0,0.9773,0.0,8.109800000056566,0.0
table_aware,dense,10,1,q_0108,numeric,1.0,1.0,1.0,1.0,0.0,0.0,0.0,0.9773,0.0,8.109800000056566,0.0
table_aware,dense,20,1,q_0108,numeric,1.0,1.0,1.0,1.0,0.0,0.0,0.0,0.9773,0.0,8.109800000056566,0.0
table_aware,dense,1,1,q_0109,numeric,0.0,0.5,0.0,0.0,0.0,0.0,0.0,0.9773,0.0,8.855900000526162,0.0
table_aware,dense,3,1,q_0109,numeric,1.0,0.5,0.6309297535714575,1.0,0.0,0.0,0.0,0.9773,0.0,8.855900000526162,0.0
table_aware,dense,5,1,q_0109,numeric,1.0,0.5,0.6309297535714575,1.0,0.0,0.0,0.0,0.9773,0.0,8.855900000526162,0.0
table_aware,dense,10,1,q_0109,numeric,1.0,0.5,0.6309297535714575,1.0,0.0,0.0,0.0,0.9773,0.0,8.855900000526162,0.0
table_aware,dense,20,1,q_0109,numeric,1.0,0.5,0.5151351790259963,1.0,0.0,0.0,0.0,0.9773,0.0,8.855900000526162,0.0
table_aware,dense,1,1,q_0110,numeric,1.0,1.0,1.0,1.0,0.0,0.0,0.0,0.9773,0.0,7.567300000118848,0.0
table_aware,dense,3,1,q_0110,numeric,1.0,1.0,1.0,1.0,0.0,0.0,0.0,0.9773,0.0,7.567300000118848,0.0
table_aware,dense,5,1,q_0110,numeric,1.0,1.0,1.0,1.0,0.0,0.0,0.0,0.9773,0.0,7.567300000118848,0.0
table_aware,dense,10,1,q_0110,numeric,1.0,1.0,1.0,1.0,0.0,0.0,0.0,0.9773,0.0,7.567300000118848,0.0
table_aware,dense,20,1,q_0110,numeric,1.0,1.0,1.0,1.0,0.0,0.0,0.0,0.9773,0.0,7.567300000118848,0.0
table_aware,dense,1,1,q_0111,distractor,0.0,0.0,0.0,0.0,0.0,0.0,0.0,0.9773,0.0,8.53700000061508,0.0
table_aware,dense,3,1,q_0111,distractor,0.0,0.0,0.0,0.0,0.0,0.0,0.0,0.9773,0.0,8.53700000061508,0.0
table_aware,dense,5,1,q_0111,distractor,0.0,0.0,0.0,0.0,0.0,0.0,0.0,0.9773,0.0,8.53700000061508,0.0
table_aware,dense,10,1,q_0111,distractor,0.0,0.0,0.0,0.0,0.0,0.0,0.0,0.9773,0.0,8.53700000061508,0.0
table_aware,dense,20,1,q_0111,distractor,0.0,0.0,0.0,0.0,0.0,0.0,0.0,0.9773,0.0,8.53700000061508,0.0
table_aware,dense,1,1,q_0112,distractor,0.0,0.0,0.0,0.0,0.0,0.0,0.0,0.9773,0.0,12.734899999486515,0.0
table_aware,dense,3,1,q_0112,distractor,0.0,0.0,0.0,0.0,0.0,0.0,0.0,0.9773,0.0,12.734899999486515,0.0
table_aware,dense,5,1,q_0112,distractor,0.0,0.0,0.0,0.0,0.0,0.0,0.0,0.9773,0.0,12.734899999486515,0.0
table_aware,dense,10,1,q_0112,distractor,0.0,0.0,0.0,0.0,0.0,0.0,0.0,0.9773,0.0,12.734899999486515,0.0
table_aware,dense,20,1,q_0112,distractor,0.0,0.0,0.0,0.0,0.0,0.0,0.0,0.9773,0.0,12.734899999486515,0.0
table_aware,dense,1,1,q_0113,distractor,0.0,0.0,0.0,0.0,0.0,0.0,0.0,0.9773,0.0,12.018299999908777,0.0
table_aware,dense,3,1,q_0113,distractor,0.0,0.0,0.0,0.0,0.0,0.0,0.0,0.9773,0.0,12.018299999908777,0.0
table_aware,dense,5,1,q_0113,distractor,0.0,0.0,0.0,0.0,0.0,0.0,0.0,0.9773,0.0,12.018299999908777,0.0
table_aware,dense,10,1,q_0113,distractor,0.0,0.0,0.0,0.0,0.0,0.0,0.0,0.9773,0.0,12.018299999908777,0.0
table_aware,dense,20,1,q_0113,distractor,0.0,0.0,0.0,0.0,0.0,0.0,0.0,0.9773,0.0,12.018299999908777,0.0
table_aware,dense,1,1,q_0114,distractor,0.0,0.0,0.0,0.0,0.0,0.0,0.0,0.9773,0.0,11.693600000398874,0.0
table_aware,dense,3,1,q_0114,distractor,0.0,0.0,0.0,0.0,0.0,0.0,0.0,0.9773,0.0,11.693600000398874,0.0
table_aware,dense,5,1,q_0114,distractor,0.0,0.0,0.0,0.0,0.0,0.0,0.0,0.9773,0.0,11.693600000398874,0.0
table_aware,dense,10,1,q_0114,distractor,0.0,0.0,0.0,0.0,0.0,0.0,0.0,0.9773,0.0,11.693600000398874,0.0
table_aware,dense,20,1,q_0114,distractor,0.0,0.0,0.0,0.0,0.0,0.0,0.0,0.9773,0.0,11.693600000398874,0.0
table_aware,dense,1,1,q_0115,distractor,0.0,0.0,0.0,0.0,0.0,0.0,0.0,0.9773,0.0,7.296100000530714,0.0
table_aware,dense,3,1,q_0115,distractor,0.0,0.0,0.0,0.0,0.0,0.0,0.0,0.9773,0.0,7.296100000530714,0.0
table_aware,dense,5,1,q_0115,distractor,0.0,0.0,0.0,0.0,0.0,0.0,0.0,0.9773,0.0,7.296100000530714,0.0
table_aware,dense,10,1,q_0115,distractor,0.0,0.0,0.0,0.0,0.0,0.0,0.0,0.9773,0.0,7.296100000530714,0.0
table_aware,dense,20,1,q_0115,distractor,0.0,0.0,0.0,0.0,0.0,0.0,0.0,0.9773,0.0,7.296100000530714,0.0
table_aware,dense,1,1,q_0116,distractor,0.0,0.0,0.0,0.0,0.0,0.0,0.0,0.9773,0.0,11.293100000330014,0.0
table_aware,dense,3,1,q_0116,distractor,0.0,0.0,0.0,0.0,0.0,0.0,0.0,0.9773,0.0,11.293100000330014,0.0
table_aware,dense,5,1,q_0116,distractor,0.0,0.0,0.0,0.0,0.0,0.0,0.0,0.9773,0.0,11.293100000330014,0.0
table_aware,dense,10,1,q_0116,distractor,0.0,0.0,0.0,0.0,0.0,0.0,0.0,0.9773,0.0,11.293100000330014,0.0
table_aware,dense,20,1,q_0116,distractor,0.0,0.0,0.0,0.0,0.0,0.0,0.0,0.9773,0.0,11.293100000330014,0.0
table_aware,dense,1,1,q_0117,distractor,0.0,0.0,0.0,0.0,0.0,0.0,0.0,0.9773,0.0,10.586500000499655,0.0
table_aware,dense,3,1,q_0117,distractor,0.0,0.0,0.0,0.0,0.0,0.0,0.0,0.9773,0.0,10.586500000499655,0.0
table_aware,dense,5,1,q_0117,distractor,0.0,0.0,0.0,0.0,0.0,0.0,0.0,0.9773,0.0,10.586500000499655,0.0
table_aware,dense,10,1,q_0117,distractor,0.0,0.0,0.0,0.0,0.0,0.0,0.0,0.9773,0.0,10.586500000499655,0.0
table_aware,dense,20,1,q_0117,distractor,0.0,0.0,0.0,0.0,0.0,0.0,0.0,0.9773,0.0,10.586500000499655,0.0
table_aware,dense,1,1,q_0118,distractor,0.0,0.0,0.0,0.0,0.0,0.0,0.0,0.9773,0.0,7.035699999505596,0.0
table_aware,dense,3,1,q_0118,distractor,0.0,0.0,0.0,0.0,0.0,0.0,0.0,0.9773,0.0,7.035699999505596,0.0
table_aware,dense,5,1,q_0118,distractor,0.0,0.0,0.0,0.0,0.0,0.0,0.0,0.9773,0.0,7.035699999505596,0.0
table_aware,dense,10,1,q_0118,distractor,0.0,0.0,0.0,0.0,0.0,0.0,0.0,0.9773,0.0,7.035699999505596,0.0
table_aware,dense,20,1,q_0118,distractor,0.0,0.0,0.0,0.0,0.0,0.0,0.0,0.9773,0.0,7.035699999505596,0.0
table_aware,dense,1,1,q_0119,distractor,0.0,0.0,0.0,0.0,0.0,0.0,0.0,0.9773,0.0,10.900500000389002,0.0
table_aware,dense,3,1,q_0119,distractor,0.0,0.0,0.0,0.0,0.0,0.0,0.0,0.9773,0.0,10.900500000389002,0.0
table_aware,dense,5,1,q_0119,distractor,0.0,0.0,0.0,0.0,0.0,0.0,0.0,0.9773,0.0,10.900500000389002,0.0
table_aware,dense,10,1,q_0119,distractor,0.0,0.0,0.0,0.0,0.0,0.0,0.0,0.9773,0.0,10.900500000389002,0.0
table_aware,dense,20,1,q_0119,distractor,0.0,0.0,0.0,0.0,0.0,0.0,0.0,0.9773,0.0,10.900500000389002,0.0
table_aware,dense,1,1,q_0120,distractor,0.0,0.0,0.0,0.0,0.0,0.0,0.0,0.9773,0.0,13.13399999980902,0.0
table_aware,dense,3,1,q_0120,distractor,0.0,0.0,0.0,0.0,0.0,0.0,0.0,0.9773,0.0,13.13399999980902,0.0
table_aware,dense,5,1,q_0120,distractor,0.0,0.0,0.0,0.0,0.0,0.0,0.0,0.9773,0.0,13.13399999980902,0.0
table_aware,dense,10,1,q_0120,distractor,0.0,0.0,0.0,0.0,0.0,0.0,0.0,0.9773,0.0,13.13399999980902,0.0
table_aware,dense,20,1,q_0120,distractor,0.0,0.0,0.0,0.0,0.0,0.0,0.0,0.9773,0.0,13.13399999980902,0.0
